run,round,group,modules,utility,cumulative_utility,quality,fatal,trust_mean,trust_var,trust_gini,collapse_index,a9_selected,a10_selected
1,1,TRUE,3,60,60.0,0.3333333333333333,0,0.49762994064836275,0.08216489424073532,0.013715578900895808,0.006857789450447904,0,0
1,2,TRUE,4,60,120.0,0.75,0,0.5025807347917584,0.08093293018073924,0.022836328868545808,0.011418164434272904,0,0
1,3,TRUE,3,100,220.0,1.0,0,0.5081118003099198,0.08061548993844146,0.016810447541465434,0.008405223770732717,0,0
1,4,TRUE,5,-200,20.0,0.4,1,0.5048890984438974,0.0799277506089218,0.015204786036077111,0.007602393018038556,0,0
1,5,TRUE,5,-200,-180.0,0.8,1,0.507315142543139,0.07913880586651022,0.023817062764811103,0.011908531382405552,0,0
1,6,TRUE,4,60,-120.0,0.75,0,0.5090981505006982,0.07840748473566388,0.029347106202357587,0.014673553101178793,0,0
1,7,TRUE,3,100,-20.0,1.0,0,0.5134194123909575,0.07811505850823666,0.025636151572828947,0.012818075786414473,0,0
1,8,TRUE,4,100,80.0,1.0,0,0.5165415348791046,0.07770956941897823,0.030748060297133728,0.015374030148566864,0,0
1,9,TRUE,3,60,140.0,0.3333333333333333,0,0.5141296575075716,0.07713840478814189,0.038451306651015926,0.019225653325507963,0,0
1,10,TRUE,3,60,200.0,0.6666666666666666,0,0.5144032555780331,0.07631768770054438,0.04645400302739833,0.023227001513699164,0,0
1,11,TRUE,4,60,260.0,0.25,0,0.5080452710236596,0.07509501328791772,0.05958060942285215,0.029790304711426074,0,0
1,12,TRUE,4,60,320.0,0.5,0,0.5051701247926954,0.07466698329240942,0.06197813772090521,0.030989068860452607,0,0
1,13,TRUE,4,60,380.0,0.25,0,0.5002188330405645,0.0736308571108015,0.07193154526495116,0.03596577263247558,0,0
1,14,TRUE,5,60,440.0,0.4,0,0.4961643813983029,0.0726052670077539,0.08104351952557654,0.04052175976278827,0,0
1,15,TRUE,4,-200,240.0,0.75,1,0.4994236696475775,0.07213807214354022,0.07944015815973504,0.03972007907986752,0,0
1,16,TRUE,5,-200,40.0,0.6,1,0.4995524129760433,0.07173991920341698,0.08196815120686196,0.04098407560343098,0,0
1,17,TRUE,5,60,100.0,0.6,0,0.4984954489411703,0.07139481884195263,0.08354829845838418,0.04177414922919209,0,0
1,18,TRUE,4,60,160.0,0.5,0,0.49706796067721065,0.07110260960232584,0.08450636119244614,0.04225318059622307,0,0
1,19,TRUE,3,60,220.0,0.3333333333333333,0,0.49363520360360136,0.07035703559552998,0.09099353187497328,0.04549676593748664,0,0
1,20,TRUE,3,60,280.0,0.6666666666666666,0,0.4940312605418605,0.0695811244680012,0.09747344161001892,0.04873672080500946,0,0
1,21,TRUE,4,60,340.0,0.5,0,0.4913293730118052,0.06922532036062952,0.09720680633766787,0.048603403168833936,0,0
1,22,TRUE,4,60,400.0,0.5,0,0.48827449661456085,0.06894172592903841,0.09683234771275173,0.048416173856375866,0,0
1,23,TRUE,5,-200,200.0,0.6,1,0.48775573294324975,0.06854575875331165,0.09931527416085006,0.04965763708042503,0,0
1,24,TRUE,4,60,260.0,0.75,0,0.48723321802847547,0.068210079415733,0.10303928109782778,0.05151964054891389,0,0
1,25,TRUE,5,-200,60.0,0.6,1,0.4850898811383509,0.06776220600805077,0.10699706095857553,0.053498530479287765,0,0
1,26,TRUE,5,60,120.0,0.8,0,0.48468325765072495,0.06746126078322955,0.11003069118969377,0.05501534559484689,0,0
1,27,TRUE,4,60,180.0,0.75,0,0.48439447539465214,0.0672592658920298,0.1125122553165796,0.06339898480114695,0,0
1,28,TRUE,5,-200,-20.0,0.4,1,0.48274854578270743,0.06712794964175606,0.11166066158130672,0.0629731879335105,0,0
1,29,TRUE,5,60,40.0,0.6,0,0.4819844530034062,0.0669975057435956,0.11266167185083731,0.07061655021113294,0,0
1,30,TRUE,4,60,100.0,0.75,0,0.482895590574649,0.06687391511701028,0.11227646242355127,0.07042394549748993,0,0
1,31,TRUE,3,100,200.0,1.0,0,0.48417845659458464,0.06676293967337062,0.11305690084115283,0.0708141647062907,0,0
1,32,TRUE,5,-200,0.0,0.6,1,0.48442803443291493,0.06658860957314398,0.113234655299566,0.07090304193549729,0,0
1,33,TRUE,5,-200,-200.0,0.8,1,0.48506376968485493,0.06646002027028913,0.11418495698110154,0.07137819277626506,0,0
1,34,TRUE,4,-200,-400.0,0.75,1,0.4856440089986995,0.06635574596831882,0.11487038804777572,0.07172090830960215,0,0
1,35,TRUE,5,-200,-600.0,0.4,2,0.48412879404227765,0.06636081404252939,0.11226394461297629,0.07041768659220243,0,0
1,36,TRUE,5,-200,-800.0,0.6,1,0.4833014070565371,0.06633778567145979,0.11099090489990604,0.06978116673566731,0,0
1,37,TRUE,5,-200,-1000.0,0.6,1,0.48284559094863966,0.06630571562249953,0.11026386438033708,0.06941764647588283,0,0
1,38,TRUE,5,100,-900.0,1.0,0,0.48384582733405335,0.06625431625159219,0.11183970248207387,0.07020556552675122,0,0
1,39,TRUE,4,60,-840.0,0.75,0,0.48362053783525827,0.06620839262284078,0.11132400576534551,0.06994771716838705,0,0
1,40,TRUE,5,60,-780.0,0.8,0,0.4839165435401692,0.06615903308881338,0.11192730172554977,0.07024936514848917,0,0
1,41,TRUE,3,100,-680.0,1.0,0,0.48475426403940397,0.06610248534816182,0.11307752893377776,0.07082447875260317,0,0
1,42,TRUE,3,100,-580.0,1.0,0,0.48565918249252676,0.06603898235309849,0.11441532885824679,0.07149337871483769,0,0
1,43,TRUE,5,-200,-780.0,0.4,1,0.48437568019793226,0.06603435384475972,0.1124632477425358,0.07051733815698219,0,0
1,44,TRUE,5,100,-680.0,1.0,0,0.4853426632538405,0.06597764669957305,0.11397453289216086,0.07127298073179472,0,0
1,45,TRUE,5,-200,-880.0,0.2,2,0.48386801232638865,0.06597371668794172,0.11178339586965835,0.07017741222054347,0,0
1,46,TRUE,4,60,-820.0,0.75,0,0.4839869790201481,0.06594340483589174,0.11212297500883905,0.07034720179013382,0,0
1,47,TRUE,5,100,-720.0,1.0,0,0.48453373408888517,0.06591539913210487,0.11298004069203182,0.0707757346317302,0,0
1,48,TRUE,4,60,-660.0,0.75,0,0.4846909637225658,0.0658890945763352,0.11336471447754848,0.07096807152448853,0,0
1,49,TRUE,5,60,-600.0,0.8,0,0.48417896363419094,0.06585833806625548,0.11271494366975854,0.07064318612059356,0,0
1,50,TRUE,4,60,-540.0,0.5,0,0.48320650501435664,0.06598168678694542,0.11476340225878823,0.07071503446272745,1,0
1,1,Blind,4,60,60.0,0.75,0,0.5,0.08333333333333327,0.0,0.0,0,0
1,2,Blind,4,-200,-140.0,0.5,1,0.5,0.08333333333333327,0.0,0.0,0,0
1,3,Blind,4,60,-80.0,0.5,0,0.5,0.08333333333333327,0.0,0.0,0,0
1,4,Blind,5,-200,-280.0,0.4,1,0.5,0.08333333333333327,0.0,0.0,0,0
1,5,Blind,5,-200,-480.0,0.2,2,0.5,0.08333333333333327,0.0,0.0,0,0
1,6,Blind,5,-200,-680.0,0.6,1,0.5,0.08333333333333327,0.0,0.0,0,0
1,7,Blind,4,-200,-880.0,0.0,1,0.5,0.08333333333333327,0.0,0.0,0,0
1,8,Blind,3,60,-820.0,0.0,0,0.5,0.08333333333333327,0.0,0.0,0,0
1,9,Blind,5,-200,-1020.0,0.4,2,0.5,0.08333333333333327,0.0,0.0,0,0
1,10,Blind,5,-200,-1220.0,0.8,1,0.5,0.08333333333333327,0.0,0.0,0,0
1,11,Blind,5,-200,-1420.0,0.4,2,0.5,0.08333333333333327,0.0,0.0,0,0
1,12,Blind,3,60,-1360.0,0.0,0,0.5,0.08333333333333327,0.0,0.0,0,0
1,13,Blind,4,60,-1300.0,0.75,0,0.5,0.08333333333333327,0.0,0.0,0,0
1,14,Blind,5,60,-1240.0,0.8,0,0.5,0.08333333333333327,0.0,0.0,0,0
1,15,Blind,3,60,-1180.0,0.6666666666666666,0,0.5,0.08333333333333327,0.0,0.0,0,0
1,16,Blind,3,60,-1120.0,0.0,0,0.5,0.08333333333333327,0.0,0.0,0,0
1,17,Blind,4,-200,-1320.0,0.0,2,0.5,0.08333333333333327,0.0,0.0,0,0
1,18,Blind,3,60,-1260.0,0.6666666666666666,0,0.5,0.08333333333333327,0.0,0.0,0,0
1,19,Blind,4,-200,-1460.0,0.25,1,0.5,0.08333333333333327,0.0,0.0,0,0
1,20,Blind,5,-200,-1660.0,0.6,1,0.5,0.08333333333333327,0.0,0.0,0,0
1,21,Blind,3,60,-1600.0,0.0,0,0.5,0.08333333333333327,0.0,0.0,0,0
1,22,Blind,4,60,-1540.0,0.5,0,0.5,0.08333333333333327,0.0,0.0,0,0
1,23,Blind,4,-200,-1740.0,0.25,1,0.5,0.08333333333333327,0.0,0.0,0,0
1,24,Blind,4,-200,-1940.0,0.5,2,0.5,0.08333333333333327,0.0,0.0,0,0
1,25,Blind,4,-200,-2140.0,0.25,1,0.5,0.08333333333333327,0.0,0.0,0,0
1,26,Blind,5,-200,-2340.0,0.4,2,0.5,0.08333333333333327,0.0,0.0,0,0
1,27,Blind,5,-200,-2540.0,0.2,2,0.5,0.08333333333333327,0.0,0.0,0,0
1,28,Blind,4,-200,-2740.0,0.25,1,0.5,0.08333333333333327,0.0,0.0,0,0
1,29,Blind,4,-200,-2940.0,0.5,1,0.5,0.08333333333333327,0.0,0.0,0,0
1,30,Blind,4,60,-2880.0,0.5,0,0.5,0.08333333333333327,0.0,0.0,0,0
1,31,Blind,4,-200,-3080.0,0.5,1,0.5,0.08333333333333327,0.0,0.0,0,0
1,32,Blind,3,60,-3020.0,0.3333333333333333,0,0.5,0.08333333333333327,0.0,0.0,0,0
1,33,Blind,5,-200,-3220.0,0.8,1,0.5,0.08333333333333327,0.0,0.0,0,0
1,34,Blind,5,-200,-3420.0,0.2,2,0.5,0.08333333333333327,0.0,0.0,0,0
1,35,Blind,5,-200,-3620.0,0.6,2,0.5,0.08333333333333327,0.0,0.0,0,0
1,36,Blind,5,-200,-3820.0,0.4,1,0.5,0.08333333333333327,0.0,0.0,0,0
1,37,Blind,4,-200,-4020.0,0.0,1,0.5,0.08333333333333327,0.0,0.0,0,0
1,38,Blind,5,-200,-4220.0,0.6,1,0.5,0.08333333333333327,0.0,0.0,0,0
1,39,Blind,4,60,-4160.0,0.5,0,0.5,0.08333333333333327,0.0,0.0,0,0
1,40,Blind,5,-200,-4360.0,0.2,2,0.5,0.08333333333333327,0.0,0.0,0,0
1,41,Blind,4,60,-4300.0,0.75,0,0.5,0.08333333333333327,0.0,0.0,0,0
1,42,Blind,5,-200,-4500.0,0.4,1,0.5,0.08333333333333327,0.0,0.0,0,0
1,43,Blind,4,60,-4440.0,0.5,0,0.5,0.08333333333333327,0.0,0.0,0,0
1,44,Blind,4,-200,-4640.0,0.0,1,0.5,0.08333333333333327,0.0,0.0,0,0
1,45,Blind,4,-200,-4840.0,0.5,1,0.5,0.08333333333333327,0.0,0.0,0,0
1,46,Blind,5,-200,-5040.0,0.4,2,0.5,0.08333333333333327,0.0,0.0,0,0
1,47,Blind,5,-200,-5240.0,0.4,2,0.5,0.08333333333333327,0.0,0.0,0,0
1,48,Blind,5,60,-5180.0,0.6,0,0.5,0.08333333333333327,0.0,0.0,0,0
1,49,Blind,4,-200,-5380.0,0.25,1,0.5,0.08333333333333327,0.0,0.0,0,0
1,50,Blind,3,60,-5320.0,0.0,0,0.5,0.08333333333333326,0.0,0.0,1,0
1,1,MOO,5,-200,-200.0,0.8,1,0.5065290152962015,0.08175663733218755,0.01232506239575315,0.006162531197876575,0,0
1,2,MOO,5,100,-100.0,1.0,0,0.5117527292034629,0.0807712859149727,0.02176982555278295,0.010884912776391475,0,0
1,3,MOO,4,-200,-300.0,0.75,1,0.5110801718058917,0.08046260924902977,0.020635436901080384,0.010317718450540192,0,0
1,4,MOO,3,60,-240.0,0.6666666666666666,0,0.5098158839389014,0.07993286738283556,0.02620115574515891,0.013100577872579455,0,0
1,5,MOO,4,-200,-440.0,0.5,1,0.5084948109090072,0.07975007629405996,0.02383889314670662,0.01191944657335331,0,0
1,6,MOO,4,100,-340.0,1.0,0,0.5106648232846597,0.07948403759971219,0.02772417128605187,0.013862085643025934,0,0
1,7,MOO,3,60,-280.0,0.6666666666666666,0,0.5104696598648705,0.07916477216842019,0.031042023171414357,0.015521011585707178,0,0
1,8,MOO,4,60,-220.0,0.5,0,0.5108856548663516,0.07914531907743595,0.024932399243126957,0.012466199621563478,0,0
1,9,MOO,4,60,-160.0,0.75,0,0.5104221606838227,0.07909554536011904,0.023952836292999047,0.011976418146499523,0,0
1,10,MOO,4,60,-100.0,0.75,0,0.5101379431541042,0.0790100982566544,0.023509881472884464,0.011754940736442232,0,0
1,11,MOO,4,100,0.0,1.0,0,0.5122953380852147,0.0788838176374928,0.02276441660112627,0.011382208300563135,0,0
1,12,MOO,5,100,100.0,1.0,0,0.5137253991036427,0.07875432891428809,0.02530888992358693,0.012654444961793465,0,0
1,13,MOO,4,100,200.0,1.0,0,0.5146753557434653,0.07865963035275852,0.026997139588824215,0.013498569794412107,0,0
1,14,MOO,5,60,260.0,0.8,0,0.5152745505962388,0.07855932479482652,0.02798994327802773,0.013994971639013865,0,0
1,15,MOO,5,-200,60.0,0.8,1,0.5155504178319079,0.0784984839329738,0.028445492652909188,0.014222746326454594,0,0
1,16,MOO,4,100,160.0,1.0,0,0.5163044914146614,0.07843610843136634,0.029767667922413032,0.014883833961206516,0,0
1,17,MOO,3,100,260.0,1.0,0,0.5167683782012056,0.07840239529483299,0.0305996674254998,0.0152998337127499,0,0
1,18,MOO,4,-200,60.0,0.5,1,0.5155169832253794,0.07841835106821592,0.028383939389866608,0.014191969694933304,0,0
1,19,MOO,4,-200,-140.0,0.5,1,0.5145464738289302,0.07841621573392259,0.026690171145547614,0.013345085572773807,0,0
1,20,MOO,5,60,-80.0,0.8,0,0.5145252841692257,0.07838225354097521,0.026708824084780147,0.013354412042390074,0,0
1,21,MOO,4,60,-20.0,0.75,0,0.5143956738250105,0.0783539564331705,0.026525657758213583,0.013262828879106792,0,0
1,22,MOO,3,60,40.0,0.6666666666666666,0,0.5147787838402551,0.07829154141374005,0.027128935386202757,0.013564467693101379,0,0
1,23,MOO,4,60,100.0,0.75,0,0.5145165558647524,0.0782682945640985,0.026732931038861762,0.013366465519430881,0,0
1,24,MOO,4,100,200.0,1.0,0,0.5151909576822944,0.07823878665960984,0.027892200800043288,0.013946100400021644,0,0
1,25,MOO,3,100,300.0,1.0,0,0.5159451552632465,0.07817685799062483,0.029181758536523716,0.014590879268261858,0,0
1,26,MOO,5,60,360.0,0.8,0,0.5159991105503967,0.07816134512976913,0.029235469800520608,0.014617734900260304,0,0
1,27,MOO,4,100,460.0,1.0,0,0.5164909644919281,0.07811100029628631,0.03008903569492105,0.015044517847460526,0,0
1,28,MOO,4,100,560.0,1.0,0,0.5169455964965982,0.07808961418757637,0.030853722875574308,0.015426861437787154,0,0
1,29,MOO,3,60,620.0,0.6666666666666666,0,0.5169758293587345,0.07805726170064771,0.03087733427332995,0.015438667136664974,0,0
1,30,MOO,4,-200,420.0,0.5,1,0.5157529080434996,0.07806347066290528,0.028772446272511853,0.014386223136255927,0,0
1,31,MOO,5,-200,220.0,0.8,1,0.5159603261743692,0.07804516680273803,0.029112938631229657,0.014556469315614828,0,0
1,32,MOO,3,100,320.0,1.0,0,0.5163666542205535,0.07801593638943129,0.029809677622608666,0.014904838811304333,0,0
1,33,MOO,4,100,420.0,1.0,0,0.5167650038218868,0.07799762250486794,0.03049346319528201,0.015246731597641006,0,0
1,34,MOO,4,-200,220.0,0.5,1,0.5161971938525712,0.07799883944574332,0.029456663790654813,0.014728331895327407,0,0
1,35,MOO,4,60,280.0,0.75,0,0.5163526131208829,0.07797287702155785,0.029702604725120763,0.014851302362560381,0,0
1,36,MOO,3,100,380.0,1.0,0,0.5167175917065127,0.07794924680739886,0.03032629690804156,0.01516314845402078,0,0
1,37,MOO,4,100,480.0,1.0,0,0.5171579730939547,0.07792536106223884,0.031087251098955493,0.015543625549477746,0,0
1,38,MOO,5,100,580.0,1.0,0,0.5177223740907836,0.07789549329499092,0.0320520392999859,0.01602601964999295,0,0
1,39,MOO,3,100,680.0,1.0,0,0.518016200858552,0.07787712127455966,0.03255568245275198,0.01627784122637599,0,0
1,40,MOO,3,60,740.0,0.6666666666666666,0,0.5176223026652537,0.07787806696391926,0.03190857718862583,0.015954288594312915,0,0
1,41,MOO,5,-200,540.0,0.8,1,0.5176829241232394,0.07786741296750363,0.03197411082828405,0.015987055414142026,0,0
1,42,MOO,4,60,600.0,0.75,0,0.5177089428572915,0.07785854123069542,0.0320013408833395,0.01600067044166975,0,0
1,43,MOO,4,100,700.0,1.0,0,0.5181264228506511,0.07784455536127122,0.03271809369419443,0.016359046847097214,0,0
1,44,MOO,3,100,800.0,1.0,0,0.5184584860598045,0.07782940352985777,0.03328052348545696,0.01664026174272848,0,0
1,45,MOO,5,-200,600.0,0.8,1,0.5183903865895085,0.0778242118096243,0.03313999232906495,0.016569996164532474,0,0
1,46,MOO,5,-200,400.0,0.8,1,0.5183084714662961,0.07781894727619139,0.033000517097837356,0.016500258548918678,0,0
1,47,MOO,4,60,460.0,0.75,0,0.5183436181591566,0.07781180397281728,0.03304342319729758,0.01652171159864879,0,0
1,48,MOO,5,-200,260.0,0.8,1,0.5182779177809814,0.07780644554644572,0.03293334828340044,0.01646667414170022,0,0
1,49,MOO,4,60,320.0,0.75,0,0.5181430475804186,0.077799481775444,0.032684684282213494,0.016342342141106747,0,0
1,50,MOO,3,100,420.0,1.0,0,0.517160714737437,0.07815758249447696,0.031105499622922972,0.015552749811461486,0,0
2,1,TRUE,5,100,100.0,1.0,0,0.5092318560947914,0.08162522382725225,0.01719023260274022,0.00859511630137011,0,0
2,2,TRUE,5,60,160.0,0.8,0,0.5100239657467336,0.08051199503505102,0.02775224802795684,0.01387612401397842,0,0
2,3,TRUE,5,100,260.0,1.0,0,0.5157857965033336,0.07935116267211459,0.03726965476049493,0.018634827380247465,0,0
2,4,TRUE,5,100,360.0,1.0,0,0.5208086226803081,0.07865534259625924,0.03698607788357111,0.018493038941785556,0,0
2,5,TRUE,5,-200,160.0,0.8,1,0.5216790155753841,0.07831844887387597,0.03818241074769069,0.019091205373845344,0,0
2,6,TRUE,4,60,220.0,0.75,0,0.5227436549162509,0.07725400028333379,0.04797558085224729,0.023987790426123645,0,0
2,7,TRUE,5,60,280.0,0.8,0,0.522281709528602,0.07702115383000131,0.0474002042802979,0.02370010214014895,0,0
2,8,TRUE,5,-200,80.0,0.6,1,0.5208551660937868,0.07689543192546996,0.04526291661771498,0.02977431545171463,0,0
2,9,TRUE,4,60,140.0,0.25,0,0.515951550845719,0.07635493631312668,0.044913955876373146,0.029599835081043715,0,0
2,10,TRUE,5,100,240.0,1.0,0,0.5197822938338439,0.07582830911925938,0.050081081710728226,0.03218339799822126,0,0
2,11,TRUE,5,-200,40.0,0.6,1,0.5178261820980318,0.07541226770731699,0.053340498993139196,0.026670249496569598,0,0
2,12,TRUE,3,100,140.0,1.0,0,0.521132455637335,0.07515421862093186,0.051296272808083465,0.025648136404041733,0,0
2,13,TRUE,5,-200,-60.0,0.8,1,0.5215465036135835,0.07489707945973659,0.05183173971887034,0.02591586985943517,0,0
2,14,TRUE,5,60,0.0,0.8,0,0.5206995700398961,0.07475421314268607,0.05058132079875177,0.025290660399375886,0,0
2,15,TRUE,4,60,60.0,0.75,0,0.5203792181695823,0.07451148648471569,0.05232042786229485,0.026160213931147425,0,0
2,16,TRUE,3,60,120.0,0.0,0,0.5172410516932128,0.07437017048837276,0.05146799097482391,0.025733995487411954,0,0
2,17,TRUE,5,60,180.0,0.8,0,0.5166485129427689,0.07386263226458174,0.05698410683164967,0.028492053415824836,0,0
2,18,TRUE,5,-200,-20.0,0.6,1,0.5154724926776688,0.07368694832879354,0.05798125328929804,0.02899062664464902,0,0
2,19,TRUE,4,-200,-220.0,0.25,1,0.5130582155238153,0.07367978505644737,0.05408700201922212,0.02704350100961106,0,0
2,20,TRUE,3,60,-160.0,0.3333333333333333,0,0.5115074563585799,0.0732461451077897,0.05474978407040565,0.027374892035202825,0,0
2,21,TRUE,4,60,-100.0,0.5,0,0.5092752031643101,0.07269261093098568,0.061024080728428354,0.03765489750707132,0,0
2,22,TRUE,5,-200,-300.0,0.6,1,0.5076804744125643,0.07219239269828787,0.06378036747479121,0.03903304088025275,0,0
2,23,TRUE,4,60,-240.0,0.25,0,0.5016650858326965,0.07108400713610902,0.07429574262756722,0.044290728456640754,0,0
2,24,TRUE,3,60,-180.0,0.0,0,0.4960109861209731,0.07007959511872128,0.08376883484107012,0.049027274563392204,0,0
2,25,TRUE,5,60,-120.0,0.4,0,0.49092917315217083,0.06904536194167048,0.09335548422572937,0.05382059925572183,0,0
2,26,TRUE,4,60,-60.0,0.25,0,0.4867375682451742,0.06817537782702687,0.10112864544972977,0.06485003701057918,0,0
2,27,TRUE,5,60,0.0,0.8,0,0.486811001649619,0.06783580957183266,0.10374576089778942,0.066158594734609,0,0
2,28,TRUE,3,60,60.0,0.3333333333333333,0,0.48382112521933696,0.06721817052850372,0.10902258316389357,0.06879700586766108,0,0
2,29,TRUE,5,60,120.0,0.8,0,0.4832790487495143,0.06686050727672059,0.11244777312082266,0.07050960084612562,0,0
2,30,TRUE,4,60,180.0,0.5,0,0.48168988182468725,0.06676344758084234,0.1115449322185249,0.07720103753783389,0,0
2,31,TRUE,4,100,280.0,1.0,0,0.48296248473894554,0.06663814992404836,0.11355539706516082,0.07820626996115185,0,0
2,32,TRUE,5,60,340.0,0.8,0,0.4833911940025956,0.06650092896752599,0.11439011023021473,0.0786236265436788,0,0
2,33,TRUE,3,100,440.0,1.0,0,0.48386890728550025,0.0664387246701629,0.11513034334902428,0.07899374310308357,0,0
2,34,TRUE,4,100,540.0,1.0,0,0.4845459729226151,0.0663478578451707,0.11619848718170633,0.0795278150194246,0,0
2,35,TRUE,5,100,640.0,1.0,0,0.4856335043255162,0.0662500161413923,0.11793205958551689,0.08039460122132988,0,0
2,36,TRUE,5,-200,440.0,0.4,2,0.4843728652960598,0.06624068389343657,0.11570952207881668,0.07928333246797978,0,0
2,37,TRUE,4,60,500.0,0.75,0,0.48403507582064986,0.06618455287823102,0.11670096744508696,0.07977905515111491,0,0
2,38,TRUE,3,100,600.0,1.0,0,0.48471173159939035,0.06613232674245842,0.11776328774672651,0.08031021530193469,0,0
2,39,TRUE,4,60,660.0,0.75,0,0.48425669863649645,0.06607888744934169,0.1190615182882162,0.08095933057267954,0,0
2,40,TRUE,5,60,720.0,0.8,0,0.4839018781835998,0.06606605375594712,0.11856704004749075,0.08071209145231681,0,0
2,41,TRUE,3,60,780.0,0.6666666666666666,0,0.4838886243110048,0.06603619583337166,0.11848573041019361,0.08067143663366824,0,0
2,42,TRUE,4,100,880.0,1.0,0,0.48439926151676493,0.06600211418442403,0.11930009695854871,0.08107861990784579,0,0
2,43,TRUE,3,60,940.0,0.6666666666666666,0,0.4842165597336944,0.06598304382854632,0.11897661905127066,0.08091688095420677,0,0
2,44,TRUE,5,60,1000.0,0.6,0,0.4832566377714607,0.06598390642843797,0.1175295866147279,0.08019336473593539,0,0
2,45,TRUE,3,100,1100.0,1.0,0,0.483595245497967,0.06595757419412346,0.11808702883043343,0.08047208584378815,0,0
2,46,TRUE,3,100,1200.0,1.0,0,0.48395766996941014,0.06593169691177485,0.11868705663699797,0.08077209974707042,0,0
2,47,TRUE,3,60,1260.0,0.6666666666666666,0,0.48340799921649236,0.06593718144505802,0.11780105831611243,0.08032910058662765,0,0
2,48,TRUE,4,60,1320.0,0.75,0,0.483185285893689,0.06589510634667971,0.11875677531646156,0.08080695908680222,0,0
2,49,TRUE,3,-200,1120.0,0.6666666666666666,1,0.48303250541385967,0.06589297666894674,0.11848832550192934,0.0806727341795361,0,0
2,50,TRUE,4,-200,920.0,0.5,1,0.4816090774845859,0.06669189420433434,0.1140493750629239,0.07702468753146195,1,0
2,1,Blind,3,60,60.0,0.6666666666666666,0,0.5,0.08333333333333327,0.0,0.0,0,0
2,2,Blind,5,-200,-140.0,0.2,3,0.5,0.08333333333333327,0.0,0.0,0,0
2,3,Blind,3,60,-80.0,0.6666666666666666,0,0.5,0.08333333333333327,0.0,0.0,0,0
2,4,Blind,5,-200,-280.0,0.6,1,0.5,0.08333333333333327,0.0,0.0,0,0
2,5,Blind,5,-200,-480.0,0.2,2,0.5,0.08333333333333327,0.0,0.0,0,0
2,6,Blind,5,-200,-680.0,0.4,2,0.5,0.08333333333333327,0.0,0.0,0,0
2,7,Blind,4,60,-620.0,0.25,0,0.5,0.08333333333333327,0.0,0.0,0,0
2,8,Blind,5,-200,-820.0,0.6,1,0.5,0.08333333333333327,0.0,0.0,0,0
2,9,Blind,5,-200,-1020.0,0.2,2,0.5,0.08333333333333327,0.0,0.0,0,0
2,10,Blind,4,60,-960.0,0.75,0,0.5,0.08333333333333327,0.0,0.0,0,0
2,11,Blind,4,60,-900.0,0.25,0,0.5,0.08333333333333327,0.0,0.0,0,0
2,12,Blind,5,-200,-1100.0,0.4,2,0.5,0.08333333333333327,0.0,0.0,0,0
2,13,Blind,5,-200,-1300.0,0.0,3,0.5,0.08333333333333327,0.0,0.0,0,0
2,14,Blind,5,-200,-1500.0,0.2,1,0.5,0.08333333333333327,0.0,0.0,0,0
2,15,Blind,4,60,-1440.0,0.5,0,0.5,0.08333333333333327,0.0,0.0,0,0
2,16,Blind,5,-200,-1640.0,0.4,2,0.5,0.08333333333333327,0.0,0.0,0,0
2,17,Blind,5,-200,-1840.0,0.2,2,0.5,0.08333333333333327,0.0,0.0,0,0
2,18,Blind,4,60,-1780.0,0.25,0,0.5,0.08333333333333327,0.0,0.0,0,0
2,19,Blind,4,-200,-1980.0,0.5,1,0.5,0.08333333333333327,0.0,0.0,0,0
2,20,Blind,5,60,-1920.0,0.6,0,0.5,0.08333333333333327,0.0,0.0,0,0
2,21,Blind,4,60,-1860.0,0.5,0,0.5,0.08333333333333327,0.0,0.0,0,0
2,22,Blind,3,-200,-2060.0,0.6666666666666666,1,0.5,0.08333333333333327,0.0,0.0,0,0
2,23,Blind,4,-200,-2260.0,0.5,1,0.5,0.08333333333333327,0.0,0.0,0,0
2,24,Blind,5,-200,-2460.0,0.4,2,0.5,0.08333333333333327,0.0,0.0,0,0
2,25,Blind,3,60,-2400.0,0.0,0,0.5,0.08333333333333327,0.0,0.0,0,0
2,26,Blind,3,60,-2340.0,0.0,0,0.5,0.08333333333333327,0.0,0.0,0,0
2,27,Blind,4,-200,-2540.0,0.25,1,0.5,0.08333333333333327,0.0,0.0,0,0
2,28,Blind,3,60,-2480.0,0.3333333333333333,0,0.5,0.08333333333333327,0.0,0.0,0,0
2,29,Blind,4,-200,-2680.0,0.0,2,0.5,0.08333333333333327,0.0,0.0,0,0
2,30,Blind,4,-200,-2880.0,0.0,2,0.5,0.08333333333333327,0.0,0.0,0,0
2,31,Blind,5,-200,-3080.0,0.4,2,0.5,0.08333333333333327,0.0,0.0,0,0
2,32,Blind,4,60,-3020.0,0.5,0,0.5,0.08333333333333327,0.0,0.0,0,0
2,33,Blind,5,60,-2960.0,0.6,0,0.5,0.08333333333333327,0.0,0.0,0,0
2,34,Blind,4,-200,-3160.0,0.5,1,0.5,0.08333333333333327,0.0,0.0,0,0
2,35,Blind,4,-200,-3360.0,0.25,2,0.5,0.08333333333333327,0.0,0.0,0,0
2,36,Blind,5,-200,-3560.0,0.2,1,0.5,0.08333333333333327,0.0,0.0,0,0
2,37,Blind,5,-200,-3760.0,0.0,3,0.5,0.08333333333333327,0.0,0.0,0,0
2,38,Blind,5,-200,-3960.0,0.6,2,0.5,0.08333333333333327,0.0,0.0,0,0
2,39,Blind,5,-200,-4160.0,0.4,1,0.5,0.08333333333333327,0.0,0.0,0,0
2,40,Blind,4,-200,-4360.0,0.25,1,0.5,0.08333333333333327,0.0,0.0,0,0
2,41,Blind,5,-200,-4560.0,0.4,1,0.5,0.08333333333333327,0.0,0.0,0,0
2,42,Blind,5,-200,-4760.0,0.4,1,0.5,0.08333333333333327,0.0,0.0,0,0
2,43,Blind,5,-200,-4960.0,0.4,2,0.5,0.08333333333333327,0.0,0.0,0,0
2,44,Blind,4,-200,-5160.0,0.25,2,0.5,0.08333333333333327,0.0,0.0,0,0
2,45,Blind,5,100,-5060.0,1.0,0,0.5,0.08333333333333327,0.0,0.0,0,0
2,46,Blind,5,-200,-5260.0,0.6,1,0.5,0.08333333333333327,0.0,0.0,0,0
2,47,Blind,3,60,-5200.0,0.6666666666666666,0,0.5,0.08333333333333327,0.0,0.0,0,0
2,48,Blind,5,-200,-5400.0,0.4,1,0.5,0.08333333333333327,0.0,0.0,0,0
2,49,Blind,5,-200,-5600.0,0.4,1,0.5,0.08333333333333327,0.0,0.0,0,0
2,50,Blind,5,-200,-5800.0,0.6,1,0.5,0.08333333333333326,0.0,0.0,0,0
2,1,MOO,3,60,60.0,0.3333333333333333,0,0.4977876904238609,0.08220890687052347,0.012573359735114087,0.0062866798675570434,0,0
2,2,MOO,5,100,160.0,1.0,0,0.5077905947530725,0.08044197195409049,0.030486706580537204,0.015243353290268602,0,0
2,3,MOO,3,60,220.0,0.6666666666666666,0,0.5079428720696244,0.0800648614485179,0.024692679065185796,0.012346339532592898,0,0
2,4,MOO,3,100,320.0,1.0,0,0.5108666783017594,0.07954274436073439,0.029820544481624633,0.014910272240812317,0,0
2,5,MOO,4,100,420.0,1.0,0,0.5136260367971707,0.07891193882666399,0.03469464372024467,0.017347321860122333,0,0
2,6,MOO,5,-200,220.0,0.6,1,0.5113134152549503,0.07873306493844447,0.0307234366082223,0.01536171830411115,0,0
2,7,MOO,3,100,320.0,1.0,0,0.5127687323050302,0.07850594634530898,0.033256647278121054,0.016628323639060527,0,0
2,8,MOO,5,-200,120.0,0.4,2,0.5097948774178002,0.07844013338032012,0.028006096246468548,0.014003048123234274,0,0
2,9,MOO,4,100,220.0,1.0,0,0.5128931813335947,0.07814165106645685,0.030700696157190066,0.015350348078595033,0,0
2,10,MOO,5,-200,20.0,0.8,1,0.5130172995289833,0.077879754969658,0.03266209303608747,0.016331046518043735,0,0
2,11,MOO,4,100,120.0,1.0,0,0.5147437412640713,0.07769082289735237,0.0339859380589167,0.01699296902945835,0,0
2,12,MOO,3,100,220.0,1.0,0,0.5160958741737746,0.07755569741389867,0.036199051479195665,0.018099525739597833,0,0
2,13,MOO,4,60,280.0,0.5,0,0.5145761903919114,0.07749016354275017,0.03373066760176591,0.016865333800882953,0,0
2,14,MOO,5,-200,80.0,0.8,1,0.515176035851691,0.07732449267379339,0.035873291329258095,0.02507950280748619,0,0
2,15,MOO,3,60,140.0,0.6666666666666666,0,0.5147987460201034,0.07729753612282916,0.03520615926993442,0.024745936777824353,0,0
2,16,MOO,5,-200,-60.0,0.4,1,0.5125491199216244,0.07729481521105036,0.0313435074930013,0.02281461088935779,0,0
2,17,MOO,4,100,40.0,1.0,0,0.5140372812000287,0.07720344950668322,0.03281337303717802,0.02354954366144615,0,0
2,18,MOO,5,60,100.0,0.6,0,0.5134129848293794,0.0771497052589986,0.031827018123762096,0.02305636620473819,0,0
2,19,MOO,3,60,160.0,0.3333333333333333,0,0.5126812955382076,0.0771291134074381,0.03047718917274911,0.022381451729231696,0,0
2,20,MOO,4,60,220.0,0.75,0,0.5125383639197363,0.07707559055389604,0.03033696016781473,0.022311337226764507,0,0
2,21,MOO,4,60,280.0,0.75,0,0.5125921253485044,0.07703736440066246,0.030384448818085996,0.02233508155190014,0,0
2,22,MOO,5,-200,80.0,0.8,1,0.5129862717169934,0.07699111973156711,0.03100983395798118,0.022647774121847732,0,0
2,23,MOO,5,100,180.0,1.0,0,0.5140012457380143,0.07692253131308768,0.032737606284199305,0.023511660284956794,0,0
2,24,MOO,5,-200,-20.0,0.4,1,0.5130451658709921,0.07688576334725364,0.03114553637023798,0.022715625327976132,0,0
2,25,MOO,4,-200,-220.0,0.25,2,0.5114524948943583,0.07687879960600785,0.0284267670721301,0.01421338353606505,0,0
2,26,MOO,5,-200,-420.0,0.6,1,0.5112822255101658,0.07683708828297063,0.029273635398866737,0.014636817699433369,0,0
2,27,MOO,5,60,-360.0,0.8,0,0.5119215689842197,0.07679821754459452,0.029193036907775305,0.021739375596744794,0,0
2,28,MOO,5,60,-300.0,0.8,0,0.5122028779927076,0.07674572979932039,0.030767525874378032,0.022526620080046158,0,0
2,29,MOO,3,60,-240.0,0.6666666666666666,0,0.5123184159570936,0.07671763487562386,0.03098548611468055,0.022635600200197416,0,0
2,30,MOO,3,60,-180.0,0.6666666666666666,0,0.5122869194730498,0.07669435361961877,0.030956435556303008,0.022621074921008646,0,0
2,31,MOO,4,60,-120.0,0.5,0,0.5118630529789927,0.07666991691753845,0.03136857194506537,0.022827143115389827,0,0
2,32,MOO,4,100,-20.0,1.0,0,0.5126179344749768,0.07664440381647859,0.03141918617051287,0.022852450228113576,0,0
2,33,MOO,3,100,80.0,1.0,0,0.5131490882522276,0.07661919318363235,0.03232937435540961,0.023307544320561948,0,0
2,34,MOO,5,-200,-120.0,0.6,1,0.512943794951568,0.07659649669482352,0.03284449456269001,0.023565104424202146,0,0
2,35,MOO,4,100,-20.0,1.0,0,0.513605314806838,0.07656710916478728,0.03399024304605547,0.024137978665884876,0,0
2,36,MOO,4,100,80.0,1.0,0,0.5141009769780933,0.07654415369387968,0.034845296712660234,0.02456550549918726,0,0
2,37,MOO,4,100,180.0,1.0,0,0.5147007533182428,0.07652637149236646,0.0347327376676434,0.02450922597667884,0,0
2,38,MOO,5,60,240.0,0.8,0,0.5147409370386874,0.07650337920560873,0.03601434778367052,0.0251500310346924,0,0
2,39,MOO,5,100,340.0,1.0,0,0.5151776075900837,0.07648159670483327,0.03676575424025841,0.025525734262986346,0,0
2,40,MOO,4,100,440.0,1.0,0,0.5154910941153964,0.07646587958960192,0.03730070241872374,0.025793208352219012,0,0
2,41,MOO,4,60,500.0,0.75,0,0.5154803778640872,0.0764528424213511,0.03732177339153786,0.025803743838626072,0,0
2,42,MOO,4,100,600.0,1.0,0,0.5160039397373666,0.07643948092783524,0.037179798820329735,0.02573275655302201,0,0
2,43,MOO,4,60,660.0,0.75,0,0.5158371958352475,0.07642697976652589,0.03799789697823086,0.026141805631972572,0,0
2,44,MOO,5,-200,460.0,0.6,2,0.5157776536260469,0.07642289999414598,0.03667398156181756,0.02547984792376592,0,0
2,45,MOO,4,60,520.0,0.5,0,0.515095698481701,0.07642588583485958,0.03551457596021934,0.024900145122966812,0,0
2,46,MOO,4,-200,320.0,0.75,1,0.5151171401284665,0.07642391385837473,0.03476567965080202,0.02452569696825815,0,0
2,47,MOO,4,100,420.0,1.0,0,0.5154892173656697,0.07641416857457349,0.03531872373322198,0.02480221900946813,0,0
2,48,MOO,5,-200,220.0,0.8,1,0.5155324965979649,0.07640626837423566,0.03535257956265436,0.01767628978132718,0,0
2,49,MOO,5,-200,20.0,0.8,1,0.5156873779897534,0.07639837003942905,0.035567654937183724,0.017783827468591862,0,0
2,50,MOO,3,60,80.0,0.6666666666666666,0,0.5146034255749018,0.07685348502315026,0.03336173827398037,0.016680869136990184,0,0
3,1,TRUE,5,-200,-200.0,0.6,2,0.5023664251238137,0.08143566521287934,0.02109556355254316,0.01054778177627158,0,0
3,2,TRUE,4,100,-100.0,1.0,0,0.507088467729144,0.08063796091177557,0.02255531725298643,0.011277658626493214,0,0
3,3,TRUE,3,-200,-300.0,0.3333333333333333,1,0.5052242203044764,0.07988950600104262,0.027003611758070534,0.013501805879035267,0,0
3,4,TRUE,3,100,-200.0,1.0,0,0.5077670056933309,0.07937337882282569,0.031598286896075356,0.015799143448037678,0,0
3,5,TRUE,4,-200,-400.0,0.5,2,0.5064898561451132,0.07895364555742067,0.03357760149439204,0.01678880074719602,0,0
3,6,TRUE,4,60,-340.0,0.75,0,0.5058681228191662,0.07830729293468365,0.037219891183080556,0.018609945591540278,0,0
3,7,TRUE,4,-200,-540.0,0.25,2,0.5032611474728338,0.07767725107764241,0.043590580561251535,0.021795290280625768,0,0
3,8,TRUE,5,-200,-740.0,0.8,1,0.5056296275132748,0.07743289739925502,0.040771878949391605,0.020385939474695802,0,0
3,9,TRUE,5,100,-640.0,1.0,0,0.5091897040110673,0.07723851126170529,0.038687777867471684,0.019343888933735842,0,0
3,10,TRUE,5,60,-580.0,0.6,0,0.5087944385833388,0.07718689361886595,0.03769396999180219,0.018846984995901095,0,0
3,11,TRUE,4,100,-480.0,1.0,0,0.5125412188590467,0.07661244921120149,0.04392616749840683,0.021963083749203416,0,0
3,12,TRUE,4,60,-420.0,0.75,0,0.51257369524207,0.07653987975433676,0.043846079618903744,0.021923039809451872,0,0
3,13,TRUE,4,100,-320.0,1.0,0,0.5155795682786326,0.07645477703472017,0.041412710258951435,0.020706355129475718,0,0
3,14,TRUE,3,60,-260.0,0.6666666666666666,0,0.5146814488184348,0.07625722184634018,0.03641834863921778,0.01820917431960889,0,0
3,15,TRUE,3,60,-200.0,0.6666666666666666,0,0.5160577609062802,0.0760858191161467,0.0326164161736715,0.01630820808683575,0,0
3,16,TRUE,4,-200,-400.0,0.5,1,0.5133140755903487,0.075639656045181,0.03678230138626737,0.018391150693133684,0,0
3,17,TRUE,5,-200,-600.0,0.8,1,0.5158132508782642,0.07517655572590974,0.040854383501788716,0.020427191750894358,0,0
3,18,TRUE,4,60,-540.0,0.75,0,0.5143507720022652,0.07473609754514401,0.046167684646999385,0.023083842323499693,0,0
3,19,TRUE,5,60,-480.0,0.8,0,0.5126391659300481,0.0746029402892469,0.04351794817073218,0.02175897408536609,0,0
3,20,TRUE,5,-200,-680.0,0.4,2,0.5103343441342425,0.07445896251567354,0.043670789228363205,0.021835394614181602,0,0
3,21,TRUE,4,-200,-880.0,0.5,1,0.5089253789166547,0.07417828089116402,0.04563047191510905,0.022815235957554525,0,0
3,22,TRUE,3,60,-820.0,0.3333333333333333,0,0.5075443526397924,0.07404299645201448,0.04698810383107954,0.02349405191553977,0,0
3,23,TRUE,5,60,-760.0,0.6,0,0.5053139433435619,0.07362195659078964,0.05146933504856843,0.03287752466714136,0,0
3,24,TRUE,5,-200,-960.0,0.8,1,0.5070882610311663,0.07325649256035238,0.05428537357118923,0.03428554392845176,0,0
3,25,TRUE,4,60,-900.0,0.75,0,0.506588989766988,0.07296585935263229,0.05470249425262086,0.034494104269167575,0,0
3,26,TRUE,4,-200,-1100.0,0.5,1,0.5059516918959108,0.0728581207082329,0.056212568419760744,0.03524914135273752,0,0
3,27,TRUE,5,60,-1040.0,0.8,0,0.506266657821604,0.07270242877339705,0.05825246023175801,0.04341194440159329,0,0
3,28,TRUE,5,-200,-1240.0,0.6,1,0.5048054548843227,0.07221287660891713,0.06274861034147783,0.0456600194564532,0,0
3,29,TRUE,3,60,-1180.0,0.3333333333333333,0,0.50198819334751,0.07170887723379336,0.068107001929544,0.04833921525048628,0,0
3,30,TRUE,3,60,-1120.0,0.0,0,0.497275595609385,0.07101394937548158,0.07327876788293586,0.043782241084325074,0,0
3,31,TRUE,3,100,-1020.0,1.0,0,0.500309184122737,0.07092212339270108,0.07239813760370262,0.03619906880185131,0,0
3,32,TRUE,4,60,-960.0,0.75,0,0.4993938801385448,0.07064722081732501,0.07561741212621831,0.037808706063109154,0,0
3,33,TRUE,3,60,-900.0,0.3333333333333333,0,0.49803865000245345,0.07025730470168234,0.0789977987408601,0.03949889937043005,0,0
3,34,TRUE,4,60,-840.0,0.25,0,0.4963334650947041,0.06985943696615766,0.08047954352698672,0.04023977176349336,0,0
3,35,TRUE,5,60,-780.0,0.8,0,0.495798666673392,0.06960124331101324,0.08317069238829333,0.041585346194146666,0,0
3,36,TRUE,5,-200,-980.0,0.6,1,0.4952185819252658,0.06944726217573553,0.08434195540778933,0.04217097770389466,0,0
3,37,TRUE,5,-200,-1180.0,0.6,1,0.49467907002724687,0.06931216241302672,0.08479121515103016,0.04239560757551508,0,0
3,38,TRUE,3,60,-1120.0,0.0,0,0.49132916304304286,0.06884053169751693,0.08848853920417432,0.051387126744944306,0,0
3,39,TRUE,5,60,-1060.0,0.8,0,0.4921466858652861,0.0687740964126613,0.08904668538175953,0.05166619983373691,0,0
3,40,TRUE,4,100,-960.0,1.0,0,0.49271732338914853,0.06873919383071364,0.09001488883815045,0.05215030156193237,0,0
3,41,TRUE,5,-200,-1160.0,0.6,1,0.4921744264204585,0.06872189647215936,0.08918200411535793,0.05173385920053611,0,0
3,42,TRUE,3,100,-1060.0,1.0,0,0.49253968015867106,0.0687055058170582,0.08976987563803474,0.05202779496187451,0,0
3,43,TRUE,5,60,-1000.0,0.6,0,0.49214561712998556,0.06869043821410563,0.0890885703291806,0.05168714230744745,0,0
3,44,TRUE,3,100,-900.0,1.0,0,0.49254562934846857,0.06866638441178756,0.0897825864470545,0.052034150366384396,0,0
3,45,TRUE,5,100,-800.0,1.0,0,0.4931817143330405,0.06863508175052803,0.09086346013041524,0.052574587208064766,0,0
3,46,TRUE,4,60,-740.0,0.75,0,0.49308430022814503,0.06862521392652562,0.09069338468478882,0.05248954948525156,0,0
3,47,TRUE,4,100,-640.0,1.0,0,0.49335935916666457,0.0686107733109676,0.09115022585639632,0.0527179700710553,0,0
3,48,TRUE,4,60,-580.0,0.75,0,0.4931673589767156,0.0686099601644234,0.09074005991945233,0.05251288710258331,0,0
3,49,TRUE,4,60,-520.0,0.75,0,0.49295671869731367,0.06860857323760683,0.09034793012142406,0.052316822203569174,0,0
3,50,TRUE,5,-200,-720.0,0.8,1,0.4920683661145653,0.06924987968647359,0.08817548673914422,0.050754410036238776,1,0
3,1,Blind,4,60,60.0,0.5,0,0.5,0.08333333333333327,0.0,0.0,0,0
3,2,Blind,5,60,120.0,0.8,0,0.5,0.08333333333333327,0.0,0.0,0,0
3,3,Blind,4,60,180.0,0.75,0,0.5,0.08333333333333327,0.0,0.0,0,0
3,4,Blind,4,-200,-20.0,0.25,1,0.5,0.08333333333333327,0.0,0.0,0,0
3,5,Blind,5,-200,-220.0,0.0,2,0.5,0.08333333333333327,0.0,0.0,0,0
3,6,Blind,4,-200,-420.0,0.5,1,0.5,0.08333333333333327,0.0,0.0,0,0
3,7,Blind,5,-200,-620.0,0.4,1,0.5,0.08333333333333327,0.0,0.0,0,0
3,8,Blind,5,-200,-820.0,0.6,1,0.5,0.08333333333333327,0.0,0.0,0,0
3,9,Blind,4,-200,-1020.0,0.25,1,0.5,0.08333333333333327,0.0,0.0,0,0
3,10,Blind,5,-200,-1220.0,0.2,2,0.5,0.08333333333333327,0.0,0.0,0,0
3,11,Blind,4,-200,-1420.0,0.25,1,0.5,0.08333333333333327,0.0,0.0,0,0
3,12,Blind,3,60,-1360.0,0.0,0,0.5,0.08333333333333327,0.0,0.0,0,0
3,13,Blind,5,-200,-1560.0,0.4,2,0.5,0.08333333333333327,0.0,0.0,0,0
3,14,Blind,4,-200,-1760.0,0.0,1,0.5,0.08333333333333327,0.0,0.0,0,0
3,15,Blind,5,-200,-1960.0,0.2,1,0.5,0.08333333333333327,0.0,0.0,0,0
3,16,Blind,4,-200,-2160.0,0.75,1,0.5,0.08333333333333327,0.0,0.0,0,0
3,17,Blind,5,-200,-2360.0,0.2,1,0.5,0.08333333333333327,0.0,0.0,0,0
3,18,Blind,3,60,-2300.0,0.0,0,0.5,0.08333333333333327,0.0,0.0,0,0
3,19,Blind,4,60,-2240.0,0.75,0,0.5,0.08333333333333327,0.0,0.0,0,0
3,20,Blind,4,60,-2180.0,0.75,0,0.5,0.08333333333333327,0.0,0.0,0,0
3,21,Blind,5,-200,-2380.0,0.2,3,0.5,0.08333333333333327,0.0,0.0,0,0
3,22,Blind,4,-200,-2580.0,0.75,1,0.5,0.08333333333333327,0.0,0.0,0,0
3,23,Blind,3,60,-2520.0,0.3333333333333333,0,0.5,0.08333333333333327,0.0,0.0,0,0
3,24,Blind,5,-200,-2720.0,0.6,1,0.5,0.08333333333333327,0.0,0.0,0,0
3,25,Blind,4,-200,-2920.0,0.5,1,0.5,0.08333333333333327,0.0,0.0,0,0
3,26,Blind,3,60,-2860.0,0.0,0,0.5,0.08333333333333327,0.0,0.0,0,0
3,27,Blind,5,-200,-3060.0,0.4,1,0.5,0.08333333333333327,0.0,0.0,0,0
3,28,Blind,3,60,-3000.0,0.0,0,0.5,0.08333333333333327,0.0,0.0,0,0
3,29,Blind,5,-200,-3200.0,0.4,1,0.5,0.08333333333333327,0.0,0.0,0,0
3,30,Blind,4,-200,-3400.0,0.25,1,0.5,0.08333333333333327,0.0,0.0,0,0
3,31,Blind,4,-200,-3600.0,0.25,1,0.5,0.08333333333333327,0.0,0.0,0,0
3,32,Blind,5,-200,-3800.0,0.8,1,0.5,0.08333333333333327,0.0,0.0,0,0
3,33,Blind,5,-200,-4000.0,0.4,2,0.5,0.08333333333333327,0.0,0.0,0,0
3,34,Blind,3,-200,-4200.0,0.0,1,0.5,0.08333333333333327,0.0,0.0,0,0
3,35,Blind,5,-200,-4400.0,0.6,1,0.5,0.08333333333333327,0.0,0.0,0,0
3,36,Blind,4,-200,-4600.0,0.5,2,0.5,0.08333333333333327,0.0,0.0,0,0
3,37,Blind,3,60,-4540.0,0.0,0,0.5,0.08333333333333327,0.0,0.0,0,0
3,38,Blind,5,-200,-4740.0,0.4,1,0.5,0.08333333333333327,0.0,0.0,0,0
3,39,Blind,4,-200,-4940.0,0.25,1,0.5,0.08333333333333327,0.0,0.0,0,0
3,40,Blind,4,-200,-5140.0,0.25,2,0.5,0.08333333333333327,0.0,0.0,0,0
3,41,Blind,4,-200,-5340.0,0.25,1,0.5,0.08333333333333327,0.0,0.0,0,0
3,42,Blind,4,60,-5280.0,0.75,0,0.5,0.08333333333333327,0.0,0.0,0,0
3,43,Blind,4,-200,-5480.0,0.0,1,0.5,0.08333333333333327,0.0,0.0,0,0
3,44,Blind,4,-200,-5680.0,0.0,1,0.5,0.08333333333333327,0.0,0.0,0,0
3,45,Blind,4,-200,-5880.0,0.25,2,0.5,0.08333333333333327,0.0,0.0,0,0
3,46,Blind,4,-200,-6080.0,0.5,1,0.5,0.08333333333333327,0.0,0.0,0,0
3,47,Blind,5,60,-6020.0,0.8,0,0.5,0.08333333333333327,0.0,0.0,0,0
3,48,Blind,5,60,-5960.0,0.6,0,0.5,0.08333333333333327,0.0,0.0,0,0
3,49,Blind,5,-200,-6160.0,0.0,3,0.5,0.08333333333333327,0.0,0.0,0,0
3,50,Blind,4,-200,-6360.0,0.0,1,0.5,0.08333333333333326,0.0,0.0,0,0
3,1,MOO,5,100,100.0,1.0,0,0.5085178705667922,0.08167535652908281,0.015905629437143576,0.007952814718571788,0,0
3,2,MOO,5,60,160.0,0.8,0,0.5100456702495356,0.0808386559443686,0.01890861016078138,0.00945430508039069,0,0
3,3,MOO,4,60,220.0,0.75,0,0.5109439442048105,0.08026006526397808,0.020520949205295125,0.010260474602647562,0,0
3,4,MOO,5,100,320.0,1.0,0,0.513792609456283,0.07983924488041848,0.02545887948237935,0.019872296884046816,0,0
3,5,MOO,5,100,420.0,1.0,0,0.5157078855224316,0.07954456541183141,0.028739020065344345,0.021512367175529314,0,0
3,6,MOO,4,100,520.0,1.0,0,0.5178253972996361,0.07918304001367928,0.03236301526277563,0.023324364774244957,0,0
3,7,MOO,3,60,580.0,0.3333333333333333,0,0.5162151704176283,0.07909748734403592,0.029539609410182965,0.014769804705091483,0,0
3,8,MOO,5,60,640.0,0.8,0,0.5162287921281355,0.07894391312134903,0.029695248093318805,0.014847624046659402,0,0
3,9,MOO,5,100,740.0,1.0,0,0.5175689646259011,0.078792252481012,0.03196952681677345,0.015984763408386726,0,0
3,10,MOO,5,100,840.0,1.0,0,0.5183208411956195,0.07868474613155427,0.033202435869338354,0.016601217934669177,0,0
3,11,MOO,5,100,940.0,1.0,0,0.5191430590323626,0.07854402845544191,0.03463570274004946,0.01731785137002473,0,0
3,12,MOO,3,60,1000.0,0.6666666666666666,0,0.5190749748816962,0.07847582899432103,0.034465324005054754,0.017232662002527377,0,0
3,13,MOO,4,60,1060.0,0.75,0,0.5187427411225721,0.07842320739902593,0.033971272637077776,0.016985636318538888,0,0
3,14,MOO,4,60,1120.0,0.75,0,0.517689306973063,0.07843936238117344,0.032226625351999605,0.016113312675999802,0,0
3,15,MOO,5,-200,920.0,0.8,1,0.517925656129343,0.07838166160805879,0.03258973095636719,0.023437722621040737,0,0
3,16,MOO,5,100,1020.0,1.0,0,0.5187690566960982,0.07831600322015933,0.03401388580832587,0.024149800047020078,0,0
3,17,MOO,4,-200,820.0,0.5,1,0.5172720548086202,0.07833295740036515,0.031433813105495645,0.015716906552747822,0,0
3,18,MOO,4,60,880.0,0.75,0,0.5172563163844799,0.07830664086026363,0.0313689672342492,0.0156844836171246,0,0
3,19,MOO,4,60,940.0,0.75,0,0.5173183654247003,0.07824908495711247,0.03147088359190975,0.015735441795954874,0,0
3,20,MOO,5,100,1040.0,1.0,0,0.5184013091387736,0.07816259211354544,0.03330826681810972,0.01665413340905486,0,0
3,21,MOO,5,60,1100.0,0.6,0,0.5172461914593898,0.07816525356999035,0.03137566342882381,0.015687831714411904,0,0
3,22,MOO,5,-200,900.0,0.8,1,0.5171759383490505,0.07815028406567062,0.03120250113567624,0.01560125056783812,0,0
3,23,MOO,4,60,960.0,0.75,0,0.5169931500045818,0.07813118517841511,0.030956641961304987,0.015478320980652494,0,0
3,24,MOO,4,-200,760.0,0.75,1,0.5171334000908532,0.07809882143595057,0.03114751214786793,0.015573756073933964,0,0
3,25,MOO,4,100,860.0,1.0,0,0.51768331295067,0.07806901457170559,0.0320887211300378,0.0160443605650189,0,0
3,26,MOO,5,-200,660.0,0.6,2,0.5174559967384882,0.07804212531119921,0.03159835726930815,0.015799178634654076,0,0
3,27,MOO,5,60,720.0,0.8,0,0.5175529709464097,0.07800640012840143,0.031818572610955886,0.015909286305477943,0,0
3,28,MOO,4,100,820.0,1.0,0,0.5180446267914862,0.0779747055315527,0.0326637998573589,0.01633189992867945,0,0
3,29,MOO,4,60,880.0,0.75,0,0.5179497378061712,0.07795957239579861,0.03255737259094116,0.01627868629547058,0,0
3,30,MOO,5,60,940.0,0.8,0,0.5178860142347119,0.07793256097242159,0.03249491671980498,0.01624745835990249,0,0
3,31,MOO,4,100,1040.0,1.0,0,0.5183235722336695,0.07791533414268796,0.03322743262634287,0.016613716313171434,0,0
3,32,MOO,4,60,1100.0,0.75,0,0.5182047331916347,0.07790406004250477,0.03299702096758139,0.016498510483790696,0,0
3,33,MOO,5,60,1160.0,0.8,0,0.5181780736584989,0.07788974551869295,0.032959997956368836,0.016479998978184418,0,0
3,34,MOO,4,100,1260.0,1.0,0,0.5184790588689727,0.07787067681954972,0.03347347837810477,0.016736739189052385,0,0
3,35,MOO,4,-200,1060.0,0.5,1,0.5177919591090848,0.07787081232156572,0.032304396628930254,0.016152198314465127,0,0
3,36,MOO,4,-200,860.0,0.5,1,0.5171481157971823,0.0778684590193445,0.031250148816722945,0.015625074408361472,0,0
3,37,MOO,5,60,920.0,0.8,0,0.5172364768798285,0.07785985802529705,0.031359114267134336,0.015679557133567168,0,0
3,38,MOO,4,60,980.0,0.75,0,0.5167126599006336,0.07786557697098433,0.030476299112327743,0.015238149556163871,0,0
3,39,MOO,5,100,1080.0,1.0,0,0.5172454437718252,0.07785042009388768,0.03138792297639914,0.01569396148819957,0,0
3,40,MOO,5,-200,880.0,0.8,1,0.5173531134705079,0.07784117454232824,0.03153909058609439,0.015769545293047194,0,0
3,41,MOO,3,100,980.0,1.0,0,0.5175282081187483,0.07782991464167706,0.03184098208011399,0.015920491040056994,0,0
3,42,MOO,3,100,1080.0,1.0,0,0.5176995819011552,0.07781987577233368,0.032141747815481514,0.016070873907740757,0,0
3,43,MOO,5,100,1180.0,1.0,0,0.5180015074981843,0.0778083920958422,0.03266155764747847,0.016330778823739234,0,0
3,44,MOO,5,-200,980.0,0.8,1,0.5181192344857836,0.07779965291878271,0.03283529221538295,0.016417646107691475,0,0
3,45,MOO,5,100,1080.0,1.0,0,0.5184468752183179,0.07778934077648399,0.03338771144676933,0.016693855723384665,0,0
3,46,MOO,3,100,1180.0,1.0,0,0.5186672782498003,0.07777898515548404,0.033767622205161496,0.016883811102580748,0,0
3,47,MOO,4,-200,980.0,0.75,1,0.5187679918465712,0.07777187842490728,0.03390215955377296,0.01695107977688648,0,0
3,48,MOO,4,100,1080.0,1.0,0,0.5190521932897174,0.07776292700583656,0.034377471003550486,0.017188735501775243,0,0
3,49,MOO,5,-200,880.0,0.8,1,0.519037493124843,0.07775317125728973,0.03434104346065259,0.017170521730326294,0,0
3,50,MOO,4,60,940.0,0.75,0,0.5177989623893802,0.07811713508415771,0.03231085852101545,0.016155429260507725,0,0
4,1,TRUE,5,100,100.0,1.0,0,0.5095835445575757,0.08153687726639944,0.017530466211800322,0.008765233105900161,0,0
4,2,TRUE,5,-200,-100.0,0.6,1,0.5094703731339588,0.08042617044386434,0.021067995532727757,0.010533997766363878,0,0
4,3,TRUE,4,60,-40.0,0.75,0,0.5095394926915244,0.07948849170634725,0.030249513039010578,0.015124756519505289,0,0
4,4,TRUE,5,-200,-240.0,0.8,1,0.5113295292130328,0.0790954051068269,0.02655326216905296,0.01327663108452648,0,0
4,5,TRUE,3,60,-180.0,0.6666666666666666,0,0.5114929196851717,0.07877736720745918,0.024685112196911385,0.012342556098455693,0,0
4,6,TRUE,4,60,-120.0,0.5,0,0.511118002298121,0.07800801023194583,0.03343093088348703,0.016715465441743516,0,0
4,7,TRUE,4,60,-60.0,0.75,0,0.5122638487356126,0.07739672002975857,0.036866587724108335,0.018433293862054168,0,0
4,8,TRUE,4,-200,-260.0,0.25,1,0.5099559480339011,0.076963389219765,0.03957481916415406,0.01978740958207703,0,0
4,9,TRUE,5,-200,-460.0,0.4,1,0.5060882484103737,0.07644023074696929,0.041056033460559416,0.020528016730279708,0,0
4,10,TRUE,5,-200,-660.0,0.4,1,0.5019537674138107,0.07590996660378825,0.04603707310448457,0.023018536552242286,0,0
4,11,TRUE,3,60,-600.0,0.0,0,0.49494802327351756,0.07474031161231982,0.058458889872890385,0.029229444936445192,0,0
4,12,TRUE,5,60,-540.0,0.8,0,0.49614554167711994,0.07396172079348305,0.06531308947357117,0.03265654473678559,0,0
4,13,TRUE,4,60,-480.0,0.75,0,0.49678538692925706,0.07343431879335503,0.07003093959284046,0.042158326939277374,0,0
4,14,TRUE,3,60,-420.0,0.3333333333333333,0,0.4966610887285514,0.07314119307059512,0.0645970635268398,0.03944138890627705,0,0
4,15,TRUE,4,60,-360.0,0.5,0,0.496115309086554,0.07279230990511353,0.06541683278208832,0.039851273533901305,0,0
4,16,TRUE,4,-200,-560.0,0.0,1,0.4883217067990469,0.07168133494547713,0.07466374006337739,0.037331870031688696,0,0
4,17,TRUE,5,60,-500.0,0.6,0,0.48831480751151934,0.07079789419470123,0.08206111718847842,0.04103055859423921,0,0
4,18,TRUE,4,60,-440.0,0.5,0,0.48458993542550977,0.07001793499049722,0.0890529139923899,0.04452645699619495,0,0
4,19,TRUE,5,60,-380.0,0.8,0,0.48455020926661374,0.06961193058142377,0.08976994543908923,0.044884972719544614,0,0
4,20,TRUE,4,-200,-580.0,0.25,2,0.483017436458264,0.06937871338462737,0.0893377413499612,0.0446688706749806,0,0
4,21,TRUE,5,60,-520.0,0.6,0,0.4804718595759707,0.06879003596906512,0.09553070966066524,0.04776535483033262,0,0
4,22,TRUE,3,60,-460.0,0.6666666666666666,0,0.48020215198159927,0.06856820453532507,0.09727931321082894,0.04863965660541447,0,0
4,23,TRUE,4,100,-360.0,1.0,0,0.4829395978056349,0.06836131833818998,0.09698920067437933,0.048494600337189664,0,0
4,24,TRUE,5,60,-300.0,0.8,0,0.48207820754756686,0.06805895793013679,0.10008918027662106,0.05004459013831053,0,0
4,25,TRUE,4,60,-240.0,0.5,0,0.48005133127552174,0.06793828875107111,0.09953631303136579,0.04976815651568289,0,0
4,26,TRUE,3,-200,-440.0,0.3333333333333333,1,0.47935000545794865,0.06785243107613832,0.09961134769459812,0.056948530990156204,0,0
4,27,TRUE,4,60,-380.0,0.75,0,0.4788798811896326,0.06769447035511601,0.1021935417800457,0.05823962803287999,0,0
4,28,TRUE,5,-200,-580.0,0.6,1,0.4779034822398995,0.06765223197730476,0.10059064131865703,0.05743817780218566,0,0
4,29,TRUE,3,100,-480.0,1.0,0,0.47959606228284013,0.06755093027484071,0.10099446721334848,0.057640090749531386,0,0
4,30,TRUE,4,100,-380.0,1.0,0,0.480554090708714,0.06747433955814376,0.10263339498997581,0.05845955463784505,0,0
4,31,TRUE,4,60,-320.0,0.75,0,0.4805258503533011,0.06742041709067151,0.10244934606967515,0.05836753017769472,0,0
4,32,TRUE,4,100,-220.0,1.0,0,0.4816492651171906,0.06734364473905097,0.10422451349257633,0.05925511388914531,0,0
4,33,TRUE,4,100,-120.0,1.0,0,0.4822176661368178,0.06729649900945568,0.10518642040844095,0.05973606734707762,0,0
4,34,TRUE,4,100,-20.0,1.0,0,0.48281716942168235,0.06725137807709941,0.10619177576048422,0.060238745023099255,0,0
4,35,TRUE,5,-200,-220.0,0.8,1,0.4829967270199127,0.06721772019897765,0.10649530787076666,0.06753336822109762,0,0
4,36,TRUE,5,100,-120.0,1.0,0,0.483460535733732,0.06718482411653123,0.10727408555969431,0.06792275706556145,0,0
4,37,TRUE,5,100,-20.0,1.0,0,0.4851335361296555,0.06710230932897554,0.1069063435387212,0.06773888605507489,0,0
4,38,TRUE,3,60,40.0,0.0,0,0.4836376714946705,0.0670560024592759,0.10608368968456205,0.06732755912799532,0,0
4,39,TRUE,4,-200,-160.0,0.5,1,0.48267489308476125,0.06706117433367735,0.10443715188014058,0.059361433082927434,0,0
4,40,TRUE,5,100,-60.0,1.0,0,0.48393570074573394,0.0669932119868633,0.10487608097899659,0.05958089763235544,0,0
4,41,TRUE,5,100,40.0,1.0,0,0.4847374543634266,0.06695150716334974,0.10603529175280801,0.06016050301926115,0,0
4,42,TRUE,5,-200,-160.0,0.8,1,0.48499012984373574,0.06692104379843027,0.10629781195016696,0.06029176311794063,0,0
4,43,TRUE,5,-200,-360.0,0.8,1,0.48511529012167276,0.06689991591380488,0.10651512717731859,0.06040042073151644,0,0
4,44,TRUE,5,-200,-560.0,0.6,1,0.48465675531475977,0.06689624272196786,0.10569292610094072,0.059989320193327506,0,0
4,45,TRUE,3,60,-500.0,0.0,0,0.48329963477529936,0.06689341056559431,0.10354220972085137,0.05891396200328283,0,0
4,46,TRUE,4,100,-400.0,1.0,0,0.4839948417585453,0.06686145852067982,0.10463559490150387,0.05946065459360908,0,0
4,47,TRUE,3,100,-300.0,1.0,0,0.4845773677564145,0.0668336267545038,0.10555137168258821,0.05991854298415125,0,0
4,48,TRUE,5,-200,-500.0,0.4,2,0.48373866387846465,0.06683545287281807,0.10411360578628481,0.05919966003599955,0,0
4,49,TRUE,5,100,-400.0,1.0,0,0.4842188867237498,0.06681599686734896,0.10493557350595606,0.059610643895835175,0,0
4,50,TRUE,3,60,-340.0,0.3333333333333333,0,0.4826689881720721,0.06687152465812965,0.10735079834133976,0.06034206583733655,1,0
4,1,Blind,3,60,60.0,0.6666666666666666,0,0.5,0.08333333333333327,0.0,0.0,0,0
4,2,Blind,5,-200,-140.0,0.6,1,0.5,0.08333333333333327,0.0,0.0,0,0
4,3,Blind,3,60,-80.0,0.3333333333333333,0,0.5,0.08333333333333327,0.0,0.0,0,0
4,4,Blind,3,60,-20.0,0.3333333333333333,0,0.5,0.08333333333333327,0.0,0.0,0,0
4,5,Blind,5,-200,-220.0,0.6,1,0.5,0.08333333333333327,0.0,0.0,0,0
4,6,Blind,4,-200,-420.0,0.5,1,0.5,0.08333333333333327,0.0,0.0,0,0
4,7,Blind,3,60,-360.0,0.0,0,0.5,0.08333333333333327,0.0,0.0,0,0
4,8,Blind,3,-200,-560.0,0.3333333333333333,1,0.5,0.08333333333333327,0.0,0.0,0,0
4,9,Blind,4,-200,-760.0,0.5,1,0.5,0.08333333333333327,0.0,0.0,0,0
4,10,Blind,5,-200,-960.0,0.4,2,0.5,0.08333333333333327,0.0,0.0,0,0
4,11,Blind,4,-200,-1160.0,0.5,2,0.5,0.08333333333333327,0.0,0.0,0,0
4,12,Blind,5,-200,-1360.0,0.4,2,0.5,0.08333333333333327,0.0,0.0,0,0
4,13,Blind,3,60,-1300.0,0.3333333333333333,0,0.5,0.08333333333333327,0.0,0.0,0,0
4,14,Blind,4,-200,-1500.0,0.5,1,0.5,0.08333333333333327,0.0,0.0,0,0
4,15,Blind,3,60,-1440.0,0.6666666666666666,0,0.5,0.08333333333333327,0.0,0.0,0,0
4,16,Blind,3,60,-1380.0,0.0,0,0.5,0.08333333333333327,0.0,0.0,0,0
4,17,Blind,4,60,-1320.0,0.75,0,0.5,0.08333333333333327,0.0,0.0,0,0
4,18,Blind,4,60,-1260.0,0.25,0,0.5,0.08333333333333327,0.0,0.0,0,0
4,19,Blind,4,-200,-1460.0,0.0,1,0.5,0.08333333333333327,0.0,0.0,0,0
4,20,Blind,3,60,-1400.0,0.0,0,0.5,0.08333333333333327,0.0,0.0,0,0
4,21,Blind,5,-200,-1600.0,0.6,1,0.5,0.08333333333333327,0.0,0.0,0,0
4,22,Blind,5,-200,-1800.0,0.6,1,0.5,0.08333333333333327,0.0,0.0,0,0
4,23,Blind,5,60,-1740.0,0.8,0,0.5,0.08333333333333327,0.0,0.0,0,0
4,24,Blind,4,60,-1680.0,0.25,0,0.5,0.08333333333333327,0.0,0.0,0,0
4,25,Blind,5,-200,-1880.0,0.6,2,0.5,0.08333333333333327,0.0,0.0,0,0
4,26,Blind,5,-200,-2080.0,0.4,1,0.5,0.08333333333333327,0.0,0.0,0,0
4,27,Blind,3,60,-2020.0,0.0,0,0.5,0.08333333333333327,0.0,0.0,0,0
4,28,Blind,3,-200,-2220.0,0.6666666666666666,1,0.5,0.08333333333333327,0.0,0.0,0,0
4,29,Blind,4,-200,-2420.0,0.25,1,0.5,0.08333333333333327,0.0,0.0,0,0
4,30,Blind,3,60,-2360.0,0.0,0,0.5,0.08333333333333327,0.0,0.0,0,0
4,31,Blind,4,60,-2300.0,0.5,0,0.5,0.08333333333333327,0.0,0.0,0,0
4,32,Blind,5,60,-2240.0,0.8,0,0.5,0.08333333333333327,0.0,0.0,0,0
4,33,Blind,5,-200,-2440.0,0.6,1,0.5,0.08333333333333327,0.0,0.0,0,0
4,34,Blind,4,-200,-2640.0,0.5,1,0.5,0.08333333333333327,0.0,0.0,0,0
4,35,Blind,5,60,-2580.0,0.6,0,0.5,0.08333333333333327,0.0,0.0,0,0
4,36,Blind,3,60,-2520.0,0.3333333333333333,0,0.5,0.08333333333333327,0.0,0.0,0,0
4,37,Blind,5,-200,-2720.0,0.6,1,0.5,0.08333333333333327,0.0,0.0,0,0
4,38,Blind,5,-200,-2920.0,0.4,1,0.5,0.08333333333333327,0.0,0.0,0,0
4,39,Blind,4,60,-2860.0,0.75,0,0.5,0.08333333333333327,0.0,0.0,0,0
4,40,Blind,4,-200,-3060.0,0.5,1,0.5,0.08333333333333327,0.0,0.0,0,0
4,41,Blind,3,60,-3000.0,0.0,0,0.5,0.08333333333333327,0.0,0.0,0,0
4,42,Blind,4,60,-2940.0,0.5,0,0.5,0.08333333333333327,0.0,0.0,0,0
4,43,Blind,4,60,-2880.0,0.25,0,0.5,0.08333333333333327,0.0,0.0,0,0
4,44,Blind,5,-200,-3080.0,0.4,2,0.5,0.08333333333333327,0.0,0.0,0,0
4,45,Blind,5,-200,-3280.0,0.2,3,0.5,0.08333333333333327,0.0,0.0,0,0
4,46,Blind,4,-200,-3480.0,0.75,1,0.5,0.08333333333333327,0.0,0.0,0,0
4,47,Blind,4,-200,-3680.0,0.0,1,0.5,0.08333333333333327,0.0,0.0,0,0
4,48,Blind,3,60,-3620.0,0.3333333333333333,0,0.5,0.08333333333333327,0.0,0.0,0,0
4,49,Blind,3,60,-3560.0,0.0,0,0.5,0.08333333333333327,0.0,0.0,0,0
4,50,Blind,4,-200,-3760.0,0.25,1,0.5,0.08333333333333326,0.0,0.0,1,0
4,1,MOO,5,-200,-200.0,0.8,1,0.5057112776527404,0.08160833648343199,0.018014662489025612,0.009007331244512806,0,0
4,2,MOO,4,-200,-400.0,0.25,2,0.5011781954624206,0.08109547424609323,0.013447174585601074,0.006723587292800537,0,0
4,3,MOO,4,60,-340.0,0.5,0,0.5003671079505777,0.08080263241950665,0.010683768489602175,0.005341884244801087,0,0
4,4,MOO,4,60,-280.0,0.75,0,0.5004655047314105,0.0801556886524143,0.01592044556549954,0.00796022278274977,0,0
4,5,MOO,4,100,-180.0,1.0,0,0.5036994397147954,0.07961347016968433,0.021913093150403018,0.010956546575201509,0,0
4,6,MOO,5,-200,-380.0,0.6,2,0.5043585320831502,0.07939165520738611,0.02087359762816976,0.01043679881408488,0,0
4,7,MOO,4,60,-320.0,0.75,0,0.5054987253103423,0.07925353360583852,0.019571507785191455,0.009785753892595728,0,0
4,8,MOO,5,60,-260.0,0.8,0,0.5064250350140114,0.07907730017910426,0.02133345377745899,0.010666726888729494,0,0
4,9,MOO,4,-200,-460.0,0.75,1,0.5072738331362464,0.07897269618306577,0.022679873807174067,0.011339936903587033,0,0
4,10,MOO,3,100,-360.0,1.0,0,0.5084802654819445,0.07872191510239315,0.024869757376202006,0.012434878688101003,0,0
4,11,MOO,4,-200,-560.0,0.5,1,0.5075885986612528,0.0786593258642076,0.02329347734274778,0.01164673867137389,0,0
4,12,MOO,4,60,-500.0,0.75,0,0.5077006728562966,0.07858135803198774,0.023542612013187636,0.011771306006593818,0,0
4,13,MOO,3,-200,-700.0,0.6666666666666666,1,0.5078981748236093,0.0785439510344808,0.023826025706915166,0.011913012853457583,0,0
4,14,MOO,4,-200,-900.0,0.25,1,0.5052443540066763,0.07847852646963593,0.019107163606221,0.0095535818031105,0,0
4,15,MOO,4,100,-800.0,1.0,0,0.5068009178686528,0.07833772108809794,0.02188514031329003,0.010942570156645015,0,0
4,16,MOO,4,100,-700.0,1.0,0,0.5079917206844496,0.07827125081488154,0.023992892601687243,0.011996446300843622,0,0
4,17,MOO,3,100,-600.0,1.0,0,0.509020153930802,0.07816989656794925,0.02582782634462255,0.012913913172311275,0,0
4,18,MOO,5,60,-540.0,0.8,0,0.5095290632720673,0.07806046655026715,0.026803404762850702,0.013401702381425351,0,0
4,19,MOO,4,60,-480.0,0.5,0,0.5082785169199173,0.07804694938661853,0.024582244950104304,0.012291122475052152,0,0
4,20,MOO,4,60,-420.0,0.75,0,0.5081957234717314,0.0780052754845864,0.02451828101915976,0.01225914050957988,0,0
4,21,MOO,5,100,-320.0,1.0,0,0.5091956162526783,0.07795930245267765,0.026264291779222182,0.013132145889611091,0,0
4,22,MOO,4,60,-260.0,0.5,0,0.5085292967429615,0.07793806240325894,0.025115209220022194,0.012557604610011097,0,0
4,23,MOO,3,100,-160.0,1.0,0,0.5093252584957952,0.07788321376597888,0.02651254252489177,0.013256271262445884,0,0
4,24,MOO,3,60,-100.0,0.6666666666666666,0,0.5092950612148789,0.07787054453841395,0.02644916969453548,0.01322458484726774,0,0
4,25,MOO,5,-200,-300.0,0.6,2,0.5093762385828221,0.07784991142747151,0.026470516443630743,0.013235258221815371,0,0
4,26,MOO,4,-200,-500.0,0.75,1,0.5096996627893922,0.07780415104192588,0.027037205676552212,0.013518602838276106,0,0
4,27,MOO,3,100,-400.0,1.0,0,0.5103448691135868,0.07776074886483869,0.028171704760078686,0.014085852380039343,0,0
4,28,MOO,5,100,-300.0,1.0,0,0.5110636914691645,0.07773100419866867,0.029416946634075458,0.014708473317037729,0,0
4,29,MOO,4,100,-200.0,1.0,0,0.5117562546698255,0.07770520295241866,0.030607995317873282,0.015303997658936641,0,0
4,30,MOO,5,100,-100.0,1.0,0,0.5123634729170914,0.07767916833120626,0.03167706856062136,0.01583853428031068,0,0
4,31,MOO,4,100,0.0,1.0,0,0.5128725641651302,0.0776580390065419,0.03254168587334316,0.01627084293667158,0,0
4,32,MOO,3,60,60.0,0.6666666666666666,0,0.5122648491414474,0.07765513996857017,0.031527803322227044,0.015763901661113522,0,0
4,33,MOO,5,100,160.0,1.0,0,0.5130388476899559,0.07761717715032,0.032882410041528365,0.016441205020764182,0,0
4,34,MOO,5,-200,-40.0,0.6,1,0.5125767711890055,0.07760792591380081,0.032091241822819194,0.016045620911409597,0,0
4,35,MOO,5,100,60.0,1.0,0,0.5131402264690974,0.07758823541255735,0.033058555446266125,0.016529277723133062,0,0
4,36,MOO,4,-200,-140.0,0.75,1,0.5133093914633355,0.0775657087478111,0.03332874992163615,0.016664374960818074,0,0
4,37,MOO,5,60,-80.0,0.8,0,0.5134643291967712,0.07755327251050943,0.033564838560244725,0.016782419280122363,0,0
4,38,MOO,5,-200,-280.0,0.8,1,0.5137933667385709,0.07752625198017196,0.034104216128743925,0.017052108064371962,0,0
4,39,MOO,3,60,-220.0,0.3333333333333333,0,0.5135347799666583,0.07751473965963442,0.03359993466165023,0.016799967330825116,0,0
4,40,MOO,5,100,-120.0,1.0,0,0.5139598468943453,0.077499160440849,0.03434654013798921,0.017173270068994606,0,0
4,41,MOO,3,60,-60.0,0.6666666666666666,0,0.5134845088738226,0.07750191805206318,0.03356541088408371,0.016782705442041856,0,0
4,42,MOO,4,100,40.0,1.0,0,0.5137982219311801,0.07748594131047032,0.034114492376504435,0.017057246188252218,0,0
4,43,MOO,5,60,100.0,0.8,0,0.513765460035096,0.07746941007600297,0.034095958733078024,0.017047979366539012,0,0
4,44,MOO,4,100,200.0,1.0,0,0.5141656287716259,0.0774540728690762,0.0347990592998797,0.01739952964993985,0,0
4,45,MOO,5,-200,0.0,0.6,1,0.5138796281316382,0.07745093493010861,0.03427393668225842,0.01713696834112921,0,0
4,46,MOO,4,-200,-200.0,0.75,1,0.5138096901246675,0.07744149989840844,0.034174594680858705,0.017087297340429353,0,0
4,47,MOO,5,60,-140.0,0.8,0,0.5137626080578785,0.07743359416351997,0.034130359221761886,0.017065179610880943,0,0
4,48,MOO,4,100,-40.0,1.0,0,0.5141115662305081,0.07742306424282937,0.03472191295550853,0.017360956477754264,0,0
4,49,MOO,4,60,20.0,0.75,0,0.5140609991710327,0.07741544019733282,0.034625092473340446,0.017312546236670223,0,0
4,50,MOO,4,100,120.0,1.0,0,0.5134434801550882,0.07780053064505163,0.03304726464041541,0.016523632320207704,0,0
5,1,TRUE,4,-200,-200.0,0.75,1,0.504169426702725,0.08180288322837283,0.017159665106393884,0.008579832553196942,0,0
5,2,TRUE,5,-200,-400.0,0.8,1,0.5078170500254623,0.08100184383931211,0.01493800353323449,0.007469001766617245,0,0
5,3,TRUE,4,100,-300.0,1.0,0,0.5116276896255944,0.08044295759981619,0.021704472086850002,0.010852236043425001,0,0
5,4,TRUE,3,60,-240.0,0.6666666666666666,0,0.5134454575153659,0.07992791125596797,0.02483086412757629,0.012415432063788145,0,0
5,5,TRUE,5,60,-180.0,0.4,0,0.5099287661368268,0.0790373353422737,0.027400589967715216,0.013700294983857608,0,0
5,6,TRUE,5,100,-80.0,1.0,0,0.5137502799785229,0.07843084342864463,0.03392874421188674,0.01696437210594337,0,0
5,7,TRUE,4,60,-20.0,0.75,0,0.5121141675139229,0.07782203365114844,0.039887310000456644,0.019943655000228322,0,0
5,8,TRUE,3,60,40.0,0.6666666666666666,0,0.5114893851442744,0.07762273022561755,0.039040122934298926,0.019520061467149463,0,0
5,9,TRUE,4,60,100.0,0.75,0,0.5102097716745861,0.07706597563246427,0.045578840354540295,0.02993227732012729,0,0
5,10,TRUE,4,60,160.0,0.75,0,0.511185973331464,0.07657576796713043,0.04515411841696948,0.02971991635134188,0,0
5,11,TRUE,5,-200,-40.0,0.6,1,0.5113351749682153,0.07615898197950716,0.048272865424783484,0.03127928985524889,0,0
5,12,TRUE,5,-200,-240.0,0.8,1,0.5142421964541383,0.07588847183239984,0.04553123313791407,0.02990847371181418,0,0
5,13,TRUE,4,60,-180.0,0.5,0,0.5107592684066418,0.07503164794865406,0.054739611041632275,0.03451266266367328,0,0
5,14,TRUE,3,60,-120.0,0.3333333333333333,0,0.5084353413949506,0.07444404640059923,0.05972911742541642,0.037007415855565357,0,0
5,15,TRUE,5,60,-60.0,0.8,0,0.508439510111534,0.07420387258918468,0.06366661907515492,0.038976166680434604,0,0
5,16,TRUE,5,60,0.0,0.8,0,0.5082084743693058,0.07402730873407214,0.06626571817485405,0.04027571623028417,0,0
5,17,TRUE,4,60,60.0,0.75,0,0.5077777121721537,0.0738459940356674,0.0679679258545931,0.0411268200701537,0,0
5,18,TRUE,3,60,120.0,0.3333333333333333,0,0.5051340637493268,0.07332656893166824,0.0727896756133588,0.04353769494953655,0,0
5,19,TRUE,3,100,220.0,1.0,0,0.5054274762668348,0.07329559593545151,0.07329419782781632,0.043789956056765306,0,0
5,20,TRUE,5,-200,20.0,0.6,1,0.5070788608055584,0.07333992086081197,0.06560919425873224,0.03280459712936612,0,0
5,21,TRUE,4,60,80.0,0.5,0,0.5063972232792139,0.07326363864514203,0.06510673832816449,0.032553369164082246,0,0
5,22,TRUE,5,-200,-120.0,0.6,1,0.5062005805658422,0.07317936938936268,0.06539127439141312,0.046981351481420845,0,0
5,23,TRUE,3,60,-60.0,0.3333333333333333,0,0.5019994344523395,0.07242725011920928,0.07268748022987137,0.05062945440064997,0,0
5,24,TRUE,5,100,40.0,1.0,0,0.503047792710181,0.07232701274848793,0.07441603329377933,0.05149373093260395,0,0
5,25,TRUE,5,60,100.0,0.6,0,0.499014500267708,0.07155519950154242,0.08191982369135498,0.05524562613139177,0,0
5,26,TRUE,5,60,160.0,0.6,0,0.49777656911136886,0.07155732529530555,0.07988675802031375,0.05422909329587116,0,0
5,27,TRUE,5,-200,-40.0,0.4,2,0.49619628957084894,0.07155713153413609,0.07727123369981159,0.04577847399276294,0,0
5,28,TRUE,5,-200,-240.0,0.8,1,0.4965811239016968,0.0715080620140913,0.07785814719262674,0.046071930739170514,0,0
5,29,TRUE,4,60,-180.0,0.25,0,0.4929533990320412,0.07088826799694893,0.08300740258112294,0.04864655843341861,0,0
5,30,TRUE,4,-200,-380.0,0.75,1,0.4929362260649101,0.07085581760701368,0.08296243439558837,0.04862407434065133,0,0
5,31,TRUE,4,-200,-580.0,0.75,1,0.49298091899460333,0.07082535853126244,0.0830463261279033,0.0486660202068088,0,0
5,32,TRUE,5,100,-480.0,1.0,0,0.4936215629458025,0.07078703505103176,0.08409262274462459,0.04918916851516944,0,0
5,33,TRUE,4,60,-420.0,0.5,0,0.49026094384508473,0.07013557098254257,0.0906214081368164,0.05245356121126535,0,0
5,34,TRUE,4,60,-360.0,0.75,0,0.4907483601875394,0.06977574572921584,0.09074924932739581,0.05251748180655505,0,0
5,35,TRUE,4,60,-300.0,0.75,0,0.49083271644504783,0.06975367188701136,0.09085319353253696,0.052569453909125624,0,0
5,36,TRUE,4,100,-200.0,1.0,0,0.4913474928758606,0.06972504922950958,0.09172377623809314,0.05300474526190371,0,0
5,37,TRUE,4,60,-140.0,0.5,0,0.4885692615913847,0.06921601031469987,0.09646193584323948,0.055373825064476884,0,0
5,38,TRUE,5,-200,-340.0,0.4,1,0.48743849120285265,0.06922713566715613,0.09451982589829733,0.05440277009200581,0,0
5,39,TRUE,5,-200,-540.0,0.8,1,0.4878752875282966,0.06916664300268331,0.09527444017567088,0.054780077230692586,0,0
5,40,TRUE,4,60,-480.0,0.5,0,0.48723442768534014,0.06913920472663986,0.09427312085432349,0.05427941757001889,0,0
5,41,TRUE,5,60,-420.0,0.6,0,0.4850859652744006,0.06852226885846335,0.09949376192351544,0.05688973810461487,0,0
5,42,TRUE,5,60,-360.0,0.6,0,0.48235334032263777,0.06787841606588962,0.10522697837106532,0.0597563463283898,0,0
5,43,TRUE,3,60,-300.0,0.0,0,0.47863466988043246,0.06712750054255512,0.11131951638775583,0.06280261533673506,0,0
5,44,TRUE,4,-200,-500.0,0.75,1,0.47869596015325805,0.06710325320477785,0.11138334462734822,0.06283452945653126,0,0
5,45,TRUE,5,100,-400.0,1.0,0,0.47937915762563443,0.06705842636161062,0.11257179764946512,0.0634287559675897,0,0
5,46,TRUE,5,-200,-600.0,0.4,1,0.47700020438020474,0.06699680451264317,0.11021497030114191,0.0622503422934281,0,0
5,47,TRUE,5,100,-500.0,1.0,0,0.47814308200856925,0.06691091501800553,0.11206341344335136,0.06317456386453282,0,0
5,48,TRUE,3,60,-440.0,0.6666666666666666,0,0.4787157559715644,0.06686285810708228,0.1114767718406211,0.0628812430631677,0,0
5,49,TRUE,4,100,-340.0,1.0,0,0.4796432741696973,0.06680485792993607,0.1128902302004291,0.0635879722430717,0,0
5,50,TRUE,3,60,-280.0,0.6666666666666666,0,0.48078295924628245,0.06719115904890086,0.11260506216573729,0.06296919774953531,1,0
5,1,Blind,4,-200,-200.0,0.5,1,0.5,0.08333333333333327,0.0,0.0,0,0
5,2,Blind,3,60,-140.0,0.0,0,0.5,0.08333333333333327,0.0,0.0,0,0
5,3,Blind,5,-200,-340.0,0.8,1,0.5,0.08333333333333327,0.0,0.0,0,0
5,4,Blind,4,-200,-540.0,0.0,1,0.5,0.08333333333333327,0.0,0.0,0,0
5,5,Blind,5,-200,-740.0,0.4,2,0.5,0.08333333333333327,0.0,0.0,0,0
5,6,Blind,3,60,-680.0,0.0,0,0.5,0.08333333333333327,0.0,0.0,0,0
5,7,Blind,5,-200,-880.0,0.4,1,0.5,0.08333333333333327,0.0,0.0,0,0
5,8,Blind,5,-200,-1080.0,0.4,1,0.5,0.08333333333333327,0.0,0.0,0,0
5,9,Blind,4,-200,-1280.0,0.5,1,0.5,0.08333333333333327,0.0,0.0,0,0
5,10,Blind,3,60,-1220.0,0.3333333333333333,0,0.5,0.08333333333333327,0.0,0.0,0,0
5,11,Blind,5,-200,-1420.0,0.4,1,0.5,0.08333333333333327,0.0,0.0,0,0
5,12,Blind,4,-200,-1620.0,0.25,1,0.5,0.08333333333333327,0.0,0.0,0,0
5,13,Blind,3,-200,-1820.0,0.6666666666666666,1,0.5,0.08333333333333327,0.0,0.0,0,0
5,14,Blind,3,60,-1760.0,0.0,0,0.5,0.08333333333333327,0.0,0.0,0,0
5,15,Blind,4,-200,-1960.0,0.0,2,0.5,0.08333333333333327,0.0,0.0,0,0
5,16,Blind,4,60,-1900.0,0.25,0,0.5,0.08333333333333327,0.0,0.0,0,0
5,17,Blind,3,60,-1840.0,0.0,0,0.5,0.08333333333333327,0.0,0.0,0,0
5,18,Blind,4,-200,-2040.0,0.5,1,0.5,0.08333333333333327,0.0,0.0,0,0
5,19,Blind,3,60,-1980.0,0.6666666666666666,0,0.5,0.08333333333333327,0.0,0.0,0,0
5,20,Blind,5,-200,-2180.0,0.2,2,0.5,0.08333333333333327,0.0,0.0,0,0
5,21,Blind,5,-200,-2380.0,0.2,1,0.5,0.08333333333333327,0.0,0.0,0,0
5,22,Blind,4,-200,-2580.0,0.5,1,0.5,0.08333333333333327,0.0,0.0,0,0
5,23,Blind,5,-200,-2780.0,0.4,1,0.5,0.08333333333333327,0.0,0.0,0,0
5,24,Blind,5,-200,-2980.0,0.8,1,0.5,0.08333333333333327,0.0,0.0,0,0
5,25,Blind,5,-200,-3180.0,0.2,2,0.5,0.08333333333333327,0.0,0.0,0,0
5,26,Blind,5,-200,-3380.0,0.2,2,0.5,0.08333333333333327,0.0,0.0,0,0
5,27,Blind,3,60,-3320.0,0.3333333333333333,0,0.5,0.08333333333333327,0.0,0.0,0,0
5,28,Blind,4,60,-3260.0,0.75,0,0.5,0.08333333333333327,0.0,0.0,0,0
5,29,Blind,5,-200,-3460.0,0.4,2,0.5,0.08333333333333327,0.0,0.0,0,0
5,30,Blind,5,-200,-3660.0,0.0,3,0.5,0.08333333333333327,0.0,0.0,0,0
5,31,Blind,4,-200,-3860.0,0.0,2,0.5,0.08333333333333327,0.0,0.0,0,0
5,32,Blind,5,-200,-4060.0,0.4,2,0.5,0.08333333333333327,0.0,0.0,0,0
5,33,Blind,5,-200,-4260.0,0.4,2,0.5,0.08333333333333327,0.0,0.0,0,0
5,34,Blind,4,-200,-4460.0,0.25,2,0.5,0.08333333333333327,0.0,0.0,0,0
5,35,Blind,4,-200,-4660.0,0.5,1,0.5,0.08333333333333327,0.0,0.0,0,0
5,36,Blind,5,-200,-4860.0,0.2,2,0.5,0.08333333333333327,0.0,0.0,0,0
5,37,Blind,5,-200,-5060.0,0.2,3,0.5,0.08333333333333327,0.0,0.0,0,0
5,38,Blind,3,60,-5000.0,0.3333333333333333,0,0.5,0.08333333333333327,0.0,0.0,0,0
5,39,Blind,5,-200,-5200.0,0.4,1,0.5,0.08333333333333327,0.0,0.0,0,0
5,40,Blind,3,60,-5140.0,0.0,0,0.5,0.08333333333333327,0.0,0.0,0,0
5,41,Blind,5,60,-5080.0,0.6,0,0.5,0.08333333333333327,0.0,0.0,0,0
5,42,Blind,5,-200,-5280.0,0.2,1,0.5,0.08333333333333327,0.0,0.0,0,0
5,43,Blind,3,60,-5220.0,0.0,0,0.5,0.08333333333333327,0.0,0.0,0,0
5,44,Blind,5,-200,-5420.0,0.6,2,0.5,0.08333333333333327,0.0,0.0,0,0
5,45,Blind,5,-200,-5620.0,0.4,2,0.5,0.08333333333333327,0.0,0.0,0,0
5,46,Blind,5,-200,-5820.0,0.2,3,0.5,0.08333333333333327,0.0,0.0,0,0
5,47,Blind,3,60,-5760.0,0.3333333333333333,0,0.5,0.08333333333333327,0.0,0.0,0,0
5,48,Blind,5,-200,-5960.0,0.4,1,0.5,0.08333333333333327,0.0,0.0,0,0
5,49,Blind,5,-200,-6160.0,0.2,2,0.5,0.08333333333333327,0.0,0.0,0,0
5,50,Blind,4,-200,-6360.0,0.0,2,0.5,0.08333333333333326,0.0,0.0,0,0
5,1,MOO,4,-200,-200.0,0.5,1,0.5000913383431913,0.08186318926745977,0.01579373980289045,0.007896869901445225,0,0
5,2,MOO,5,60,-140.0,0.6,0,0.5002159416509565,0.08085185300604471,0.01863549034118761,0.009317745170593805,0,0
5,3,MOO,5,-200,-340.0,0.6,1,0.5009754990431141,0.08025394487463226,0.022165629349829352,0.011082814674914676,0,0
5,4,MOO,3,100,-240.0,1.0,0,0.5057722149954489,0.07972909197613995,0.02325447702956951,0.011627238514784755,0,0
5,5,MOO,3,60,-180.0,0.6666666666666666,0,0.5060862303109576,0.07930850173191814,0.028018585903388793,0.014009292951694396,0,0
5,6,MOO,4,60,-120.0,0.75,0,0.5067817956513252,0.07904428903609793,0.025638563864790243,0.012819281932395121,0,0
5,7,MOO,5,100,-20.0,1.0,0,0.5095034974047064,0.07878931135583626,0.028727085034964128,0.014363542517482064,0,0
5,8,MOO,5,60,40.0,0.8,0,0.5100778796503024,0.07858903994441335,0.029993570102048173,0.014996785051024086,0,0
5,9,MOO,4,100,140.0,1.0,0,0.5117545491941919,0.07832474762805385,0.03293514964380018,0.01646757482190009,0,0
5,10,MOO,3,60,200.0,0.0,0,0.5085974369281816,0.07837031051778483,0.02738529309400839,0.013692646547004195,0,0
5,11,MOO,5,-200,0.0,0.8,1,0.5096051448526755,0.07825505163096011,0.0289193975428943,0.01445969877144715,0,0
5,12,MOO,4,100,100.0,1.0,0,0.5109960007113006,0.07815358026580692,0.03128385922645349,0.022784786756083888,0,0
5,13,MOO,5,-200,-100.0,0.8,1,0.5116907778780356,0.07806695795802103,0.03243090879188815,0.023358311538801215,0,0
5,14,MOO,5,-200,-300.0,0.6,1,0.5111170558486506,0.07801261641326476,0.03151082153243845,0.022898267909076366,0,0
5,15,MOO,5,60,-240.0,0.8,0,0.5119409073660195,0.07788683243037209,0.03297313703493643,0.023629425660325356,0,0
5,16,MOO,5,60,-180.0,0.8,0,0.5119522268537007,0.07784672760808745,0.032953785426459214,0.02361974985608675,0,0
5,17,MOO,4,100,-80.0,1.0,0,0.5129638811086215,0.07774947102503378,0.03473596760857167,0.024510840947142978,0,0
5,18,MOO,4,60,-20.0,0.75,0,0.5133401322217407,0.0776837694029853,0.035411554351999275,0.02484863431885678,0,0
5,19,MOO,3,100,80.0,1.0,0,0.5138745257062977,0.07763209263746096,0.03634775753945241,0.025316735912583346,0,0
5,20,MOO,4,60,140.0,0.5,0,0.5129223697618249,0.07761450955232033,0.03478489172484811,0.024535303005281197,0,0
5,21,MOO,5,60,200.0,0.8,0,0.5130886138744014,0.07756862447663912,0.0350796675370022,0.024682690911358243,0,0
5,22,MOO,5,60,260.0,0.8,0,0.5133040653591123,0.07754036265175589,0.035430742354506606,0.024858228320110445,0,0
5,23,MOO,3,60,320.0,0.6666666666666666,0,0.5126676703149248,0.07755190435767303,0.034264297609539085,0.024275005947626684,0,0
5,24,MOO,5,-200,120.0,0.6,1,0.5122418130386645,0.07752989159775524,0.0335640592109685,0.02392488674834139,0,0
5,25,MOO,4,-200,-80.0,0.75,1,0.5121796200170825,0.07752565980992597,0.03333612125540664,0.01666806062770332,0,0
5,26,MOO,5,100,20.0,1.0,0,0.5127417447510935,0.07749756415434801,0.034283301869221905,0.017141650934610952,0,0
5,27,MOO,4,100,120.0,1.0,0,0.5132332742977758,0.07747187010361531,0.03512011370493595,0.017560056852467976,0,0
5,28,MOO,3,60,180.0,0.6666666666666666,0,0.5125889524029082,0.07747461053769229,0.034016534245346675,0.017008267122673337,0,0
5,29,MOO,4,60,240.0,0.75,0,0.512565475297628,0.07745911594229218,0.03395873698510643,0.024122225635410357,0,0
5,30,MOO,5,100,340.0,1.0,0,0.5131398912925186,0.07743572235746864,0.034943847202288936,0.02461478074400161,0,0
5,31,MOO,4,60,400.0,0.75,0,0.5128885001502315,0.07742539339887504,0.034562836346458514,0.0244242753160864,0,0
5,32,MOO,5,-200,200.0,0.8,1,0.5130554758460145,0.07740930585621864,0.034831573978548525,0.024558644132131404,0,0
5,33,MOO,4,100,300.0,1.0,0,0.5133859941484853,0.07738125552974118,0.03539998970099534,0.02484285199335481,0,0
5,34,MOO,5,-200,100.0,0.6,1,0.5130027697823553,0.07737232544506806,0.03476622267872065,0.024525968482217466,0,0
5,35,MOO,5,100,200.0,1.0,0,0.513684332200907,0.07733704293669012,0.035931434177010946,0.025108574231362615,0,0
5,36,MOO,4,-200,0.0,0.5,1,0.5131911285493485,0.07733956143969893,0.03501954405349483,0.017509772026747417,0,0
5,37,MOO,4,60,60.0,0.5,0,0.51263908261719,0.0773353224837488,0.034126240994974744,0.017063120497487372,0,0
5,38,MOO,4,60,120.0,0.75,0,0.512285270116156,0.07733127538124744,0.033529184718265714,0.02390744950199,0,0
5,39,MOO,4,60,180.0,0.75,0,0.5119991832362766,0.07732359848909971,0.033064643067459265,0.023675178676586774,0,0
5,40,MOO,5,-200,-20.0,0.6,1,0.5114963358187219,0.07732272090899743,0.03218242383589254,0.01609121191794627,0,0
5,41,MOO,5,100,80.0,1.0,0,0.5120597471867508,0.07730013898669737,0.033166271512569345,0.016583135756284673,0,0
5,42,MOO,5,-200,-120.0,0.8,1,0.5122398187849426,0.07729022072275933,0.03345842287773504,0.01672921143886752,0,0
5,43,MOO,4,100,-20.0,1.0,0,0.5125567024815962,0.07728040562467503,0.03399297522623379,0.016996487613116895,0,0
5,44,MOO,5,100,80.0,1.0,0,0.5129382710344406,0.07726944036328473,0.034644256072945634,0.017322128036472817,0,0
5,45,MOO,4,100,180.0,1.0,0,0.5132138670091662,0.07726027863101037,0.03511253698270966,0.01755626849135483,0,0
5,46,MOO,3,60,240.0,0.3333333333333333,0,0.5124430614321316,0.07726096292642559,0.03380568455777144,0.01690284227888572,0,0
5,47,MOO,4,100,340.0,1.0,0,0.5128267283663868,0.07725093497548685,0.03447593789566494,0.01723796894783247,0,0
5,48,MOO,3,60,400.0,0.3333333333333333,0,0.512572394377768,0.07724333801219224,0.033998183598608955,0.016999091799304478,0,0
5,49,MOO,5,-200,200.0,0.8,1,0.5127212405718319,0.07723552509891321,0.03424684863607674,0.01712342431803837,0,0
5,50,MOO,5,-200,0.0,0.4,1,0.5113035561541358,0.0776415879078,0.03114101722375695,0.015570508611878475,0,0
